--------------------------------------------------------
--  파일이 생성됨 - 목요일-12월-12-2024   
--------------------------------------------------------
DROP SEQUENCE "ITD2024"."CART_SEQ";
DROP SEQUENCE "ITD2024"."DELIVERY_SEQ";
DROP SEQUENCE "ITD2024"."EXAMPLE_SEQ";
DROP SEQUENCE "ITD2024"."INQUIRY_SEQ";
DROP SEQUENCE "ITD2024"."INVENTORY_SEQ";
DROP SEQUENCE "ITD2024"."NOTICE_SEQ";
DROP SEQUENCE "ITD2024"."ORDER_SEQ";
DROP SEQUENCE "ITD2024"."PAYMENT_SEQ";
DROP SEQUENCE "ITD2024"."PRODUCT_SEQ";
DROP SEQUENCE "ITD2024"."REVIEW_SEQ";
DROP TABLE "ITD2024"."TB_CART";
DROP TABLE "ITD2024"."TB_DELIVERY";
DROP TABLE "ITD2024"."TB_EXAMPLE";
DROP TABLE "ITD2024"."TB_FILE_DB";
DROP TABLE "ITD2024"."TB_INQUIRY";
DROP TABLE "ITD2024"."TB_INVENTORY";
DROP TABLE "ITD2024"."TB_MEMBER";
DROP TABLE "ITD2024"."TB_NOTICE";
DROP TABLE "ITD2024"."TB_ORDER";
DROP TABLE "ITD2024"."TB_PAYMENT";
DROP TABLE "ITD2024"."TB_PRODUCT";
DROP TABLE "ITD2024"."TB_REVIEW";
DROP TABLE "ITD2024"."TB_SIZE";
DROP VIEW "ITD2024"."VIEW_FILE_DB";
--------------------------------------------------------
--  DDL for Sequence CART_SEQ
--------------------------------------------------------

   CREATE SEQUENCE  "ITD2024"."CART_SEQ"  MINVALUE 1 MAXVALUE 9999 INCREMENT BY 1 START WITH 11 NOCACHE  NOORDER  NOCYCLE  NOKEEP  NOSCALE  GLOBAL ;
--------------------------------------------------------
--  DDL for Sequence DELIVERY_SEQ
--------------------------------------------------------

   CREATE SEQUENCE  "ITD2024"."DELIVERY_SEQ"  MINVALUE 1 MAXVALUE 9999 INCREMENT BY 1 START WITH 3 NOCACHE  NOORDER  NOCYCLE  NOKEEP  NOSCALE  GLOBAL ;
--------------------------------------------------------
--  DDL for Sequence EXAMPLE_SEQ
--------------------------------------------------------

   CREATE SEQUENCE  "ITD2024"."EXAMPLE_SEQ"  MINVALUE 1 MAXVALUE 9999 INCREMENT BY 1 START WITH 8 NOCACHE  NOORDER  NOCYCLE  NOKEEP  NOSCALE  GLOBAL ;
--------------------------------------------------------
--  DDL for Sequence INQUIRY_SEQ
--------------------------------------------------------

   CREATE SEQUENCE  "ITD2024"."INQUIRY_SEQ"  MINVALUE 1 MAXVALUE 9999 INCREMENT BY 1 START WITH 84 NOCACHE  NOORDER  NOCYCLE  NOKEEP  NOSCALE  GLOBAL ;
--------------------------------------------------------
--  DDL for Sequence INVENTORY_SEQ
--------------------------------------------------------

   CREATE SEQUENCE  "ITD2024"."INVENTORY_SEQ"  MINVALUE 1 MAXVALUE 9999 INCREMENT BY 1 START WITH 1 NOCACHE  NOORDER  NOCYCLE  NOKEEP  NOSCALE  GLOBAL ;
--------------------------------------------------------
--  DDL for Sequence NOTICE_SEQ
--------------------------------------------------------

   CREATE SEQUENCE  "ITD2024"."NOTICE_SEQ"  MINVALUE 1 MAXVALUE 9999 INCREMENT BY 1 START WITH 70 NOCACHE  NOORDER  NOCYCLE  NOKEEP  NOSCALE  GLOBAL ;
--------------------------------------------------------
--  DDL for Sequence ORDER_SEQ
--------------------------------------------------------

   CREATE SEQUENCE  "ITD2024"."ORDER_SEQ"  MINVALUE 1 MAXVALUE 9999 INCREMENT BY 1 START WITH 38 NOCACHE  NOORDER  NOCYCLE  NOKEEP  NOSCALE  GLOBAL ;
--------------------------------------------------------
--  DDL for Sequence PAYMENT_SEQ
--------------------------------------------------------

   CREATE SEQUENCE  "ITD2024"."PAYMENT_SEQ"  MINVALUE 1 MAXVALUE 9999 INCREMENT BY 1 START WITH 14 NOCACHE  NOORDER  NOCYCLE  NOKEEP  NOSCALE  GLOBAL ;
--------------------------------------------------------
--  DDL for Sequence PRODUCT_SEQ
--------------------------------------------------------

   CREATE SEQUENCE  "ITD2024"."PRODUCT_SEQ"  MINVALUE 1 MAXVALUE 9999 INCREMENT BY 1 START WITH 231 NOCACHE  NOORDER  NOCYCLE  NOKEEP  NOSCALE  GLOBAL ;
--------------------------------------------------------
--  DDL for Sequence REVIEW_SEQ
--------------------------------------------------------

   CREATE SEQUENCE  "ITD2024"."REVIEW_SEQ"  MINVALUE 1 MAXVALUE 9999 INCREMENT BY 1 START WITH 9 NOCACHE  NOORDER  NOCYCLE  NOKEEP  NOSCALE  GLOBAL ;
--------------------------------------------------------
--  DDL for Table TB_CART
--------------------------------------------------------

  CREATE TABLE "ITD2024"."TB_CART" 
   (	"CAID" VARCHAR2(100 BYTE), 
	"PRID" VARCHAR2(100 BYTE), 
	"SIID" VARCHAR2(100 BYTE), 
	"COLOR" VARCHAR2(100 BYTE), 
	"QUANTITY" NUMBER(30,0) DEFAULT 0, 
	"EMAIL" VARCHAR2(100 BYTE), 
	"INSERT_TIME" VARCHAR2(100 BYTE) DEFAULT TO_CHAR(SYSDATE,'YYYY/MM/DD HH24:MI:SS'), 
	"UPDATE_TIME" VARCHAR2(100 BYTE) DEFAULT NULL
   ) SEGMENT CREATION IMMEDIATE 
  PCTFREE 10 PCTUSED 40 INITRANS 1 MAXTRANS 255 
 NOCOMPRESS LOGGING
  STORAGE(INITIAL 65536 NEXT 1048576 MINEXTENTS 1 MAXEXTENTS 2147483645
  PCTINCREASE 0 FREELISTS 1 FREELIST GROUPS 1
  BUFFER_POOL DEFAULT FLASH_CACHE DEFAULT CELL_FLASH_CACHE DEFAULT)
  TABLESPACE "USERS" ;

   COMMENT ON COLUMN "ITD2024"."TB_CART"."CAID" IS '고유ID';
   COMMENT ON COLUMN "ITD2024"."TB_CART"."PRID" IS '상품ID';
   COMMENT ON COLUMN "ITD2024"."TB_CART"."SIID" IS '사이즈ID';
   COMMENT ON COLUMN "ITD2024"."TB_CART"."COLOR" IS '색깔';
   COMMENT ON COLUMN "ITD2024"."TB_CART"."QUANTITY" IS '개수';
   COMMENT ON COLUMN "ITD2024"."TB_CART"."EMAIL" IS '이메일ID';
   COMMENT ON COLUMN "ITD2024"."TB_CART"."INSERT_TIME" IS '등록날짜';
   COMMENT ON COLUMN "ITD2024"."TB_CART"."UPDATE_TIME" IS '수정날짜';
--------------------------------------------------------
--  DDL for Table TB_DELIVERY
--------------------------------------------------------

  CREATE TABLE "ITD2024"."TB_DELIVERY" 
   (	"DEID" VARCHAR2(100 BYTE), 
	"CODE" VARCHAR2(100 BYTE), 
	"COURIER" VARCHAR2(100 BYTE) DEFAULT 'CJ택배', 
	"STATE" VARCHAR2(100 BYTE) DEFAULT '주문완료', 
	"EMAIL" VARCHAR2(100 BYTE), 
	"ORDER_ADDRESS" VARCHAR2(1000 BYTE), 
	"ORDER_ZIP_CODE" VARCHAR2(100 BYTE), 
	"CONSIGNEE_NAME" VARCHAR2(100 BYTE), 
	"CONSIGNEE_PHONE_NUMBER" VARCHAR2(100 BYTE), 
	"CONSIGNEE_ADDRESS" VARCHAR2(1000 BYTE), 
	"CONSIGNEE_ZIP_CODE" VARCHAR2(100 BYTE), 
	"PAID" VARCHAR2(100 BYTE), 
	"INSERT_TIME" VARCHAR2(100 BYTE) DEFAULT TO_CHAR(SYSDATE,'YYYY/MM/DD HH24:MI:SS'), 
	"DELETE_TIME" VARCHAR2(100 BYTE) DEFAULT NULL
   ) SEGMENT CREATION IMMEDIATE 
  PCTFREE 10 PCTUSED 40 INITRANS 1 MAXTRANS 255 
 NOCOMPRESS LOGGING
  STORAGE(INITIAL 65536 NEXT 1048576 MINEXTENTS 1 MAXEXTENTS 2147483645
  PCTINCREASE 0 FREELISTS 1 FREELIST GROUPS 1
  BUFFER_POOL DEFAULT FLASH_CACHE DEFAULT CELL_FLASH_CACHE DEFAULT)
  TABLESPACE "USERS" ;

   COMMENT ON COLUMN "ITD2024"."TB_DELIVERY"."DEID" IS '고유ID';
   COMMENT ON COLUMN "ITD2024"."TB_DELIVERY"."CODE" IS '배송코드';
   COMMENT ON COLUMN "ITD2024"."TB_DELIVERY"."COURIER" IS '택배사';
   COMMENT ON COLUMN "ITD2024"."TB_DELIVERY"."STATE" IS '배송상태';
   COMMENT ON COLUMN "ITD2024"."TB_DELIVERY"."EMAIL" IS '이메일ID';
   COMMENT ON COLUMN "ITD2024"."TB_DELIVERY"."ORDER_ADDRESS" IS '주문자주소';
   COMMENT ON COLUMN "ITD2024"."TB_DELIVERY"."ORDER_ZIP_CODE" IS '주문자우편번호';
   COMMENT ON COLUMN "ITD2024"."TB_DELIVERY"."CONSIGNEE_NAME" IS '수취인이름';
   COMMENT ON COLUMN "ITD2024"."TB_DELIVERY"."CONSIGNEE_PHONE_NUMBER" IS '수취인전화번호';
   COMMENT ON COLUMN "ITD2024"."TB_DELIVERY"."CONSIGNEE_ADDRESS" IS '수취인주소';
   COMMENT ON COLUMN "ITD2024"."TB_DELIVERY"."CONSIGNEE_ZIP_CODE" IS '수취인우편번호';
   COMMENT ON COLUMN "ITD2024"."TB_DELIVERY"."INSERT_TIME" IS '등록날짜';
   COMMENT ON COLUMN "ITD2024"."TB_DELIVERY"."DELETE_TIME" IS '취소날짜';
   COMMENT ON COLUMN "ITD2024"."TB_DELIVERY"."PAID" IS '결제ID';
--------------------------------------------------------
--  DDL for Table TB_EXAMPLE
--------------------------------------------------------

  CREATE TABLE "ITD2024"."TB_EXAMPLE" 
   (	"EXID" VARCHAR2(100 BYTE), 
	"TITLE" VARCHAR2(500 BYTE), 
	"CONTENTS" VARCHAR2(3000 BYTE) DEFAULT NULL, 
	"INSERT_TIME" VARCHAR2(100 BYTE) DEFAULT TO_CHAR(SYSDATE,'YYYY/MM/DD HH24:MI:SS'), 
	"UPDATE_TIME" VARCHAR2(100 BYTE) DEFAULT NULL
   ) SEGMENT CREATION IMMEDIATE 
  PCTFREE 10 PCTUSED 40 INITRANS 1 MAXTRANS 255 
 NOCOMPRESS LOGGING
  STORAGE(INITIAL 65536 NEXT 1048576 MINEXTENTS 1 MAXEXTENTS 2147483645
  PCTINCREASE 0 FREELISTS 1 FREELIST GROUPS 1
  BUFFER_POOL DEFAULT FLASH_CACHE DEFAULT CELL_FLASH_CACHE DEFAULT)
  TABLESPACE "USERS" ;

   COMMENT ON COLUMN "ITD2024"."TB_EXAMPLE"."EXID" IS '고유ID';
   COMMENT ON COLUMN "ITD2024"."TB_EXAMPLE"."TITLE" IS '제목';
   COMMENT ON COLUMN "ITD2024"."TB_EXAMPLE"."CONTENTS" IS '작성내용';
   COMMENT ON COLUMN "ITD2024"."TB_EXAMPLE"."INSERT_TIME" IS '등록날짜';
   COMMENT ON COLUMN "ITD2024"."TB_EXAMPLE"."UPDATE_TIME" IS '수정날짜';
--------------------------------------------------------
--  DDL for Table TB_FILE_DB
--------------------------------------------------------

  CREATE TABLE "ITD2024"."TB_FILE_DB" 
   (	"UUID" VARCHAR2(1000 BYTE), 
	"PRID" VARCHAR2(20 BYTE), 
	"FILE_DATA" BLOB, 
	"FILE_URL" VARCHAR2(1000 BYTE), 
	"INSERT_TIME" VARCHAR2(100 BYTE) DEFAULT TO_CHAR(SYSDATE,'YYYY/MM/DD HH24:MI:SS'), 
	"UPDATE_TIME" VARCHAR2(100 BYTE)
   ) SEGMENT CREATION IMMEDIATE 
  PCTFREE 10 PCTUSED 40 INITRANS 1 MAXTRANS 255 
 NOCOMPRESS LOGGING
  STORAGE(INITIAL 65536 NEXT 1048576 MINEXTENTS 1 MAXEXTENTS 2147483645
  PCTINCREASE 0 FREELISTS 1 FREELIST GROUPS 1
  BUFFER_POOL DEFAULT FLASH_CACHE DEFAULT CELL_FLASH_CACHE DEFAULT)
  TABLESPACE "USERS" 
 LOB ("FILE_DATA") STORE AS SECUREFILE (
  TABLESPACE "USERS" ENABLE STORAGE IN ROW CHUNK 8192
  NOCACHE LOGGING  NOCOMPRESS  KEEP_DUPLICATES 
  STORAGE(INITIAL 106496 NEXT 1048576 MINEXTENTS 1 MAXEXTENTS 2147483645
  PCTINCREASE 0
  BUFFER_POOL DEFAULT FLASH_CACHE DEFAULT CELL_FLASH_CACHE DEFAULT)) ;

   COMMENT ON COLUMN "ITD2024"."TB_FILE_DB"."UUID" IS '고유ID';
   COMMENT ON COLUMN "ITD2024"."TB_FILE_DB"."PRID" IS '상품ID';
   COMMENT ON COLUMN "ITD2024"."TB_FILE_DB"."FILE_DATA" IS '파일데이터';
   COMMENT ON COLUMN "ITD2024"."TB_FILE_DB"."FILE_URL" IS '파일주소';
   COMMENT ON COLUMN "ITD2024"."TB_FILE_DB"."INSERT_TIME" IS '등록날짜';
   COMMENT ON COLUMN "ITD2024"."TB_FILE_DB"."UPDATE_TIME" IS '수정날짜';
--------------------------------------------------------
--  DDL for Table TB_INQUIRY
--------------------------------------------------------

  CREATE TABLE "ITD2024"."TB_INQUIRY" 
   (	"IQID" VARCHAR2(100 BYTE), 
	"TITLE" VARCHAR2(1000 BYTE) DEFAULT NULL, 
	"CONTENTS" VARCHAR2(3000 BYTE) DEFAULT NULL, 
	"WRITER" VARCHAR2(100 BYTE), 
	"REID" VARCHAR2(100 BYTE) DEFAULT NULL, 
	"INSERT_TIME" VARCHAR2(100 BYTE) DEFAULT TO_CHAR(SYSDATE,'YYYY/MM/DD HH24:MI:SS'), 
	"UPDATE_TIME" VARCHAR2(100 BYTE) DEFAULT NULL
   ) SEGMENT CREATION IMMEDIATE 
  PCTFREE 10 PCTUSED 40 INITRANS 1 MAXTRANS 255 
 NOCOMPRESS LOGGING
  STORAGE(INITIAL 65536 NEXT 1048576 MINEXTENTS 1 MAXEXTENTS 2147483645
  PCTINCREASE 0 FREELISTS 1 FREELIST GROUPS 1
  BUFFER_POOL DEFAULT FLASH_CACHE DEFAULT CELL_FLASH_CACHE DEFAULT)
  TABLESPACE "USERS" ;

   COMMENT ON COLUMN "ITD2024"."TB_INQUIRY"."IQID" IS '고유ID';
   COMMENT ON COLUMN "ITD2024"."TB_INQUIRY"."CONTENTS" IS '내용';
   COMMENT ON COLUMN "ITD2024"."TB_INQUIRY"."WRITER" IS '작성자';
   COMMENT ON COLUMN "ITD2024"."TB_INQUIRY"."REID" IS '문의ID';
   COMMENT ON COLUMN "ITD2024"."TB_INQUIRY"."INSERT_TIME" IS '등록날짜';
   COMMENT ON COLUMN "ITD2024"."TB_INQUIRY"."UPDATE_TIME" IS '수정날짜';
   COMMENT ON COLUMN "ITD2024"."TB_INQUIRY"."TITLE" IS '제목';
--------------------------------------------------------
--  DDL for Table TB_INVENTORY
--------------------------------------------------------

  CREATE TABLE "ITD2024"."TB_INVENTORY" 
   (	"INID" VARCHAR2(100 BYTE), 
	"PRID" VARCHAR2(100 BYTE), 
	"SIID" VARCHAR2(100 BYTE), 
	"COLOR" VARCHAR2(100 BYTE), 
	"QUANTITY" NUMBER(30,0) DEFAULT 0, 
	"INSERT_TIME" VARCHAR2(100 BYTE) DEFAULT TO_CHAR(SYSDATE,'YYYY/MM/DD HH24:MI:SS'), 
	"UPDATE_TIME" VARCHAR2(100 BYTE) DEFAULT NULL
   ) SEGMENT CREATION DEFERRED 
  PCTFREE 10 PCTUSED 40 INITRANS 1 MAXTRANS 255 
 NOCOMPRESS LOGGING
  TABLESPACE "USERS" ;

   COMMENT ON COLUMN "ITD2024"."TB_INVENTORY"."INID" IS '고유ID';
   COMMENT ON COLUMN "ITD2024"."TB_INVENTORY"."PRID" IS '상품ID';
   COMMENT ON COLUMN "ITD2024"."TB_INVENTORY"."SIID" IS '사이즈ID';
   COMMENT ON COLUMN "ITD2024"."TB_INVENTORY"."COLOR" IS '색깔';
   COMMENT ON COLUMN "ITD2024"."TB_INVENTORY"."QUANTITY" IS '개수';
   COMMENT ON COLUMN "ITD2024"."TB_INVENTORY"."INSERT_TIME" IS '등록날짜';
   COMMENT ON COLUMN "ITD2024"."TB_INVENTORY"."UPDATE_TIME" IS '수정날짜';
--------------------------------------------------------
--  DDL for Table TB_MEMBER
--------------------------------------------------------

  CREATE TABLE "ITD2024"."TB_MEMBER" 
   (	"EMAIL" VARCHAR2(100 BYTE), 
	"PASSWORD" VARCHAR2(1000 BYTE), 
	"NAME" VARCHAR2(100 BYTE), 
	"PHONE_NUMBER" VARCHAR2(100 BYTE), 
	"CODE_NAME" VARCHAR2(100 BYTE) DEFAULT 'ROLE_USER', 
	"INSERT_TIME" VARCHAR2(100 BYTE) DEFAULT TO_CHAR(SYSDATE,'YYYY/MM/DD HH24:MI:SS'), 
	"UPDATE_TIME" VARCHAR2(100 BYTE) DEFAULT NULL
   ) SEGMENT CREATION IMMEDIATE 
  PCTFREE 10 PCTUSED 40 INITRANS 1 MAXTRANS 255 
 NOCOMPRESS LOGGING
  STORAGE(INITIAL 65536 NEXT 1048576 MINEXTENTS 1 MAXEXTENTS 2147483645
  PCTINCREASE 0 FREELISTS 1 FREELIST GROUPS 1
  BUFFER_POOL DEFAULT FLASH_CACHE DEFAULT CELL_FLASH_CACHE DEFAULT)
  TABLESPACE "USERS" ;

   COMMENT ON COLUMN "ITD2024"."TB_MEMBER"."EMAIL" IS '이메일';
   COMMENT ON COLUMN "ITD2024"."TB_MEMBER"."PASSWORD" IS '비밀번호';
   COMMENT ON COLUMN "ITD2024"."TB_MEMBER"."NAME" IS '이름';
   COMMENT ON COLUMN "ITD2024"."TB_MEMBER"."PHONE_NUMBER" IS '전화번호';
   COMMENT ON COLUMN "ITD2024"."TB_MEMBER"."CODE_NAME" IS '등급';
   COMMENT ON COLUMN "ITD2024"."TB_MEMBER"."INSERT_TIME" IS '등록날짜';
   COMMENT ON COLUMN "ITD2024"."TB_MEMBER"."UPDATE_TIME" IS '수정날짜';
--------------------------------------------------------
--  DDL for Table TB_NOTICE
--------------------------------------------------------

  CREATE TABLE "ITD2024"."TB_NOTICE" 
   (	"NOID" VARCHAR2(100 BYTE), 
	"UUID" VARCHAR2(1000 BYTE), 
	"TITLE" VARCHAR2(1000 BYTE), 
	"CONTENTS" VARCHAR2(3000 BYTE) DEFAULT NULL, 
	"IMAGE_URL" VARCHAR2(1000 BYTE) DEFAULT NULL, 
	"FILE_DATA" BLOB DEFAULT NULL, 
	"WRITER" VARCHAR2(100 BYTE), 
	"INSERT_TIME" VARCHAR2(100 BYTE) DEFAULT TO_CHAR(SYSDATE,'YYYY/MM/DD HH24:MI:SS'), 
	"UPDATE_TIME" VARCHAR2(100 BYTE) DEFAULT NULL
   ) SEGMENT CREATION IMMEDIATE 
  PCTFREE 10 PCTUSED 40 INITRANS 1 MAXTRANS 255 
 NOCOMPRESS LOGGING
  STORAGE(INITIAL 65536 NEXT 1048576 MINEXTENTS 1 MAXEXTENTS 2147483645
  PCTINCREASE 0 FREELISTS 1 FREELIST GROUPS 1
  BUFFER_POOL DEFAULT FLASH_CACHE DEFAULT CELL_FLASH_CACHE DEFAULT)
  TABLESPACE "USERS" 
 LOB ("FILE_DATA") STORE AS SECUREFILE (
  TABLESPACE "USERS" ENABLE STORAGE IN ROW CHUNK 8192
  NOCACHE LOGGING  NOCOMPRESS  KEEP_DUPLICATES 
  STORAGE(INITIAL 106496 NEXT 1048576 MINEXTENTS 1 MAXEXTENTS 2147483645
  PCTINCREASE 0
  BUFFER_POOL DEFAULT FLASH_CACHE DEFAULT CELL_FLASH_CACHE DEFAULT)) ;

   COMMENT ON COLUMN "ITD2024"."TB_NOTICE"."NOID" IS '고유ID';
   COMMENT ON COLUMN "ITD2024"."TB_NOTICE"."TITLE" IS '제목';
   COMMENT ON COLUMN "ITD2024"."TB_NOTICE"."CONTENTS" IS '내용';
   COMMENT ON COLUMN "ITD2024"."TB_NOTICE"."IMAGE_URL" IS '이미지';
   COMMENT ON COLUMN "ITD2024"."TB_NOTICE"."WRITER" IS '작성자';
   COMMENT ON COLUMN "ITD2024"."TB_NOTICE"."INSERT_TIME" IS '등록날짜';
   COMMENT ON COLUMN "ITD2024"."TB_NOTICE"."UPDATE_TIME" IS '수정날짜';
   COMMENT ON COLUMN "ITD2024"."TB_NOTICE"."FILE_DATA" IS '파일데이터';
   COMMENT ON COLUMN "ITD2024"."TB_NOTICE"."UUID" IS '유일ID';
--------------------------------------------------------
--  DDL for Table TB_ORDER
--------------------------------------------------------

  CREATE TABLE "ITD2024"."TB_ORDER" 
   (	"ORID" VARCHAR2(100 BYTE), 
	"PRID" VARCHAR2(100 BYTE), 
	"SIID" VARCHAR2(100 BYTE), 
	"COLOR" VARCHAR2(100 BYTE), 
	"QUANTITY" NUMBER(30,0) DEFAULT 0, 
	"PAID" VARCHAR2(100 BYTE), 
	"EMAIL" VARCHAR2(100 BYTE), 
	"INSERT_TIME" VARCHAR2(100 BYTE) DEFAULT TO_CHAR(SYSDATE,'YYYY/MM/DD HH24:MI:SS'), 
	"DELETE_TIME" VARCHAR2(100 BYTE) DEFAULT NULL
   ) SEGMENT CREATION IMMEDIATE 
  PCTFREE 10 PCTUSED 40 INITRANS 1 MAXTRANS 255 
 NOCOMPRESS LOGGING
  STORAGE(INITIAL 65536 NEXT 1048576 MINEXTENTS 1 MAXEXTENTS 2147483645
  PCTINCREASE 0 FREELISTS 1 FREELIST GROUPS 1
  BUFFER_POOL DEFAULT FLASH_CACHE DEFAULT CELL_FLASH_CACHE DEFAULT)
  TABLESPACE "USERS" ;

   COMMENT ON COLUMN "ITD2024"."TB_ORDER"."ORID" IS '고유ID';
   COMMENT ON COLUMN "ITD2024"."TB_ORDER"."PRID" IS '상품ID';
   COMMENT ON COLUMN "ITD2024"."TB_ORDER"."SIID" IS '사이즈ID';
   COMMENT ON COLUMN "ITD2024"."TB_ORDER"."COLOR" IS '색깔';
   COMMENT ON COLUMN "ITD2024"."TB_ORDER"."QUANTITY" IS '개수';
   COMMENT ON COLUMN "ITD2024"."TB_ORDER"."PAID" IS '결제ID';
   COMMENT ON COLUMN "ITD2024"."TB_ORDER"."EMAIL" IS '이메일ID';
   COMMENT ON COLUMN "ITD2024"."TB_ORDER"."INSERT_TIME" IS '등록날짜';
   COMMENT ON COLUMN "ITD2024"."TB_ORDER"."DELETE_TIME" IS '취소날짜';
--------------------------------------------------------
--  DDL for Table TB_PAYMENT
--------------------------------------------------------

  CREATE TABLE "ITD2024"."TB_PAYMENT" 
   (	"PAID" VARCHAR2(100 BYTE), 
	"CODE" VARCHAR2(100 BYTE), 
	"PAY_TYPE" VARCHAR2(100 BYTE), 
	"TOTAL_PRICE" NUMBER(30,0), 
	"EMAIL" VARCHAR2(100 BYTE), 
	"INSERT_TIME" VARCHAR2(100 BYTE) DEFAULT TO_CHAR(SYSDATE,'YYYY/MM/DD HH24:MI:SS'), 
	"DELETE_TIME" VARCHAR2(100 BYTE) DEFAULT NULL
   ) SEGMENT CREATION IMMEDIATE 
  PCTFREE 10 PCTUSED 40 INITRANS 1 MAXTRANS 255 
 NOCOMPRESS LOGGING
  STORAGE(INITIAL 65536 NEXT 1048576 MINEXTENTS 1 MAXEXTENTS 2147483645
  PCTINCREASE 0 FREELISTS 1 FREELIST GROUPS 1
  BUFFER_POOL DEFAULT FLASH_CACHE DEFAULT CELL_FLASH_CACHE DEFAULT)
  TABLESPACE "USERS" ;

   COMMENT ON COLUMN "ITD2024"."TB_PAYMENT"."PAID" IS '고유ID';
   COMMENT ON COLUMN "ITD2024"."TB_PAYMENT"."CODE" IS '결제코드';
   COMMENT ON COLUMN "ITD2024"."TB_PAYMENT"."PAY_TYPE" IS '결제방식';
   COMMENT ON COLUMN "ITD2024"."TB_PAYMENT"."TOTAL_PRICE" IS '결제금액';
   COMMENT ON COLUMN "ITD2024"."TB_PAYMENT"."EMAIL" IS '이메일ID';
   COMMENT ON COLUMN "ITD2024"."TB_PAYMENT"."INSERT_TIME" IS '결제날짜';
   COMMENT ON COLUMN "ITD2024"."TB_PAYMENT"."DELETE_TIME" IS '취소날짜';
--------------------------------------------------------
--  DDL for Table TB_PRODUCT
--------------------------------------------------------

  CREATE TABLE "ITD2024"."TB_PRODUCT" 
   (	"PRID" VARCHAR2(100 BYTE), 
	"CODE" VARCHAR2(100 BYTE), 
	"NAME" VARCHAR2(300 BYTE), 
	"KAREGORIE" VARCHAR2(100 BYTE) DEFAULT NULL, 
	"GENDER" VARCHAR2(100 BYTE) DEFAULT 'public', 
	"PRICE" NUMBER(30,0) DEFAULT 0, 
	"CONTENTS" VARCHAR2(3000 BYTE) DEFAULT NULL, 
	"SALES" NUMBER(30,0) DEFAULT 0, 
	"INSERT_TIME" VARCHAR2(100 BYTE) DEFAULT TO_CHAR(SYSDATE,'YYYY/MM/DD HH24:MI:SS'), 
	"UPDATE_TIME" VARCHAR2(100 BYTE) DEFAULT NULL
   ) SEGMENT CREATION IMMEDIATE 
  PCTFREE 10 PCTUSED 40 INITRANS 1 MAXTRANS 255 
 NOCOMPRESS LOGGING
  STORAGE(INITIAL 65536 NEXT 1048576 MINEXTENTS 1 MAXEXTENTS 2147483645
  PCTINCREASE 0 FREELISTS 1 FREELIST GROUPS 1
  BUFFER_POOL DEFAULT FLASH_CACHE DEFAULT CELL_FLASH_CACHE DEFAULT)
  TABLESPACE "USERS" ;

   COMMENT ON COLUMN "ITD2024"."TB_PRODUCT"."PRID" IS '고유ID';
   COMMENT ON COLUMN "ITD2024"."TB_PRODUCT"."CODE" IS '상품코드';
   COMMENT ON COLUMN "ITD2024"."TB_PRODUCT"."KAREGORIE" IS '카테고리';
   COMMENT ON COLUMN "ITD2024"."TB_PRODUCT"."GENDER" IS '착용구분';
   COMMENT ON COLUMN "ITD2024"."TB_PRODUCT"."PRICE" IS '단일가격';
   COMMENT ON COLUMN "ITD2024"."TB_PRODUCT"."CONTENTS" IS '상세내용';
   COMMENT ON COLUMN "ITD2024"."TB_PRODUCT"."INSERT_TIME" IS '등록날짜';
   COMMENT ON COLUMN "ITD2024"."TB_PRODUCT"."UPDATE_TIME" IS '수정날짜';
   COMMENT ON COLUMN "ITD2024"."TB_PRODUCT"."NAME" IS '상품명';
   COMMENT ON COLUMN "ITD2024"."TB_PRODUCT"."SALES" IS '판매량';
--------------------------------------------------------
--  DDL for Table TB_REVIEW
--------------------------------------------------------

  CREATE TABLE "ITD2024"."TB_REVIEW" 
   (	"RVID" VARCHAR2(100 BYTE), 
	"PRID" VARCHAR2(100 BYTE), 
	"CONTENTS" VARCHAR2(3000 BYTE) DEFAULT NULL, 
	"WRITER" VARCHAR2(100 BYTE), 
	"INSERT_TIME" VARCHAR2(100 BYTE) DEFAULT TO_CHAR(SYSDATE,'YYYY/MM/DD HH24:MI:SS'), 
	"UPDATE_TIME" VARCHAR2(100 BYTE) DEFAULT NULL
   ) SEGMENT CREATION IMMEDIATE 
  PCTFREE 10 PCTUSED 40 INITRANS 1 MAXTRANS 255 
 NOCOMPRESS LOGGING
  STORAGE(INITIAL 65536 NEXT 1048576 MINEXTENTS 1 MAXEXTENTS 2147483645
  PCTINCREASE 0 FREELISTS 1 FREELIST GROUPS 1
  BUFFER_POOL DEFAULT FLASH_CACHE DEFAULT CELL_FLASH_CACHE DEFAULT)
  TABLESPACE "USERS" ;

   COMMENT ON COLUMN "ITD2024"."TB_REVIEW"."RVID" IS '고유ID';
   COMMENT ON COLUMN "ITD2024"."TB_REVIEW"."PRID" IS '상품ID';
   COMMENT ON COLUMN "ITD2024"."TB_REVIEW"."CONTENTS" IS '내용';
   COMMENT ON COLUMN "ITD2024"."TB_REVIEW"."WRITER" IS '작성자';
   COMMENT ON COLUMN "ITD2024"."TB_REVIEW"."INSERT_TIME" IS '등록날짜';
   COMMENT ON COLUMN "ITD2024"."TB_REVIEW"."UPDATE_TIME" IS '수정날짜';
--------------------------------------------------------
--  DDL for Table TB_SIZE
--------------------------------------------------------

  CREATE TABLE "ITD2024"."TB_SIZE" 
   (	"SIID" VARCHAR2(100 BYTE), 
	"SHOULDER" VARCHAR2(100 BYTE), 
	"ARMS" VARCHAR2(100 BYTE), 
	"WAIST" VARCHAR2(100 BYTE), 
	"SLEEVE" VARCHAR2(100 BYTE), 
	"LENGTH" VARCHAR2(100 BYTE), 
	"MEN_SIZE" VARCHAR2(100 BYTE) DEFAULT NULL, 
	"WOMAN_SIZE" VARCHAR2(100 BYTE) DEFAULT NULL, 
	"PLUS_PRICE" NUMBER(30,0) DEFAULT 0, 
	"INSERT_TIME" VARCHAR2(100 BYTE) DEFAULT TO_CHAR(SYSDATE,'YYYY/MM/DD HH24:MI:SS'), 
	"UPDATE_TIME" VARCHAR2(100 BYTE)
   ) SEGMENT CREATION IMMEDIATE 
  PCTFREE 10 PCTUSED 40 INITRANS 1 MAXTRANS 255 
 NOCOMPRESS LOGGING
  STORAGE(INITIAL 65536 NEXT 1048576 MINEXTENTS 1 MAXEXTENTS 2147483645
  PCTINCREASE 0 FREELISTS 1 FREELIST GROUPS 1
  BUFFER_POOL DEFAULT FLASH_CACHE DEFAULT CELL_FLASH_CACHE DEFAULT)
  TABLESPACE "USERS" ;

   COMMENT ON COLUMN "ITD2024"."TB_SIZE"."SIID" IS '사이즈이름';
   COMMENT ON COLUMN "ITD2024"."TB_SIZE"."SHOULDER" IS '어깨';
   COMMENT ON COLUMN "ITD2024"."TB_SIZE"."ARMS" IS '팔';
   COMMENT ON COLUMN "ITD2024"."TB_SIZE"."WAIST" IS '허리';
   COMMENT ON COLUMN "ITD2024"."TB_SIZE"."SLEEVE" IS '소매';
   COMMENT ON COLUMN "ITD2024"."TB_SIZE"."LENGTH" IS '기장';
   COMMENT ON COLUMN "ITD2024"."TB_SIZE"."MEN_SIZE" IS '남성사이즈';
   COMMENT ON COLUMN "ITD2024"."TB_SIZE"."WOMAN_SIZE" IS '여성사이즈';
   COMMENT ON COLUMN "ITD2024"."TB_SIZE"."PLUS_PRICE" IS '추가가격';
   COMMENT ON COLUMN "ITD2024"."TB_SIZE"."INSERT_TIME" IS '등록날짜';
   COMMENT ON COLUMN "ITD2024"."TB_SIZE"."UPDATE_TIME" IS '수정날짜';
--------------------------------------------------------
--  DDL for View VIEW_FILE_DB
--------------------------------------------------------

  CREATE OR REPLACE FORCE EDITIONABLE VIEW "ITD2024"."VIEW_FILE_DB" ("NUM", "UUID", "PRID", "FILE_DATA", "FILE_URL", "INSERT_TIME", "UPDATE_TIME") AS 
  SELECT ROWNUM AS NUM,UUID, PRID, FILE_DATA, FILE_URL, INSERT_TIME, UPDATE_TIME
FROM (SELECT * FROM TB_FILE_DB ORDER BY INSERT_TIME ASC)
;
REM INSERTING into ITD2024.TB_CART
SET DEFINE OFF;
REM INSERTING into ITD2024.TB_DELIVERY
SET DEFINE OFF;
REM INSERTING into ITD2024.TB_EXAMPLE
SET DEFINE OFF;
Insert into ITD2024.TB_EXAMPLE (EXID,TITLE,CONTENTS,INSERT_TIME,UPDATE_TIME) values ('EX00001','iOS 18 업데이트 관련 예매 서비스 이용 안내','iOS 18로 업데이트 하신 경우 안정적인 서비스 이용을 위해 최신 버전(5.0.8)의 앱으로 업데이트가 필요합니다.','2024/11/27 00:04:33',null);
Insert into ITD2024.TB_EXAMPLE (EXID,TITLE,CONTENTS,INSERT_TIME,UPDATE_TIME) values ('EX00002','<블랙핑크 월드투어 [본 핑크] 인 시네마> 무대인사 회차 휠체어석 유의사항 안내','휠체어석(장애인석) 예매고객은 본인의 신분증 및 장애인 등록증(또는 복지카드) 미지참 시 입장이 불가하며, 예매 티켓은 취소됩니다.','2024/11/27 00:04:33',null);
Insert into ITD2024.TB_EXAMPLE (EXID,TITLE,CONTENTS,INSERT_TIME,UPDATE_TIME) values ('EX00003','해피머니상품권 사용중지 안내','갑작스러운 서비스 중지 안내를 드리게 된 점 양해 부탁드리며, 더 나은 서비스를 제공하고자 노력하겠습니다.','2024/11/27 00:04:33',null);
Insert into ITD2024.TB_EXAMPLE (EXID,TITLE,CONTENTS,INSERT_TIME,UPDATE_TIME) values ('EX00004','무대인사 예매취소 정책 변경 안내','무대인사 회차에 대한 예매취소 정책을 아래와 같이 변경하오니 이용에 참고 부탁드립니다.','2024/11/27 00:04:33',null);
Insert into ITD2024.TB_EXAMPLE (EXID,TITLE,CONTENTS,INSERT_TIME,UPDATE_TIME) values ('EX00005','2024년 12월 시스템공지','점검 시간 중 CGV 홈페이지 및 모바일의 모든 서비스가 중단될 예정이오니 이용에 불편 없으시기 바랍니다.','2024/11/27 00:04:33',null);
Insert into ITD2024.TB_EXAMPLE (EXID,TITLE,CONTENTS,INSERT_TIME,UPDATE_TIME) values ('EX00006','지하주차장 전기차 이용제한 안내','최근 발생한 공동주택 전기차 화재 발생으로 건물 이용객들의 불안감 증가와 입차 제한 요청에 따라 노형타워 지하주차장 전기차 이용을 제한하게 되었습니다.','2024/11/27 00:04:33',null);
Insert into ITD2024.TB_EXAMPLE (EXID,TITLE,CONTENTS,INSERT_TIME,UPDATE_TIME) values ('EX00007','비정상적 예매티켓 모니터링 강화 안내','3월 22일 공연법 개정에 맞춰 CGV에서도 부정판매 금지를 위해 노력하고자 합니다.','2024/11/27 00:04:33',null);
REM INSERTING into ITD2024.TB_FILE_DB
SET DEFINE OFF;
Insert into ITD2024.TB_FILE_DB (UUID,PRID,FILE_URL,INSERT_TIME,UPDATE_TIME) values ('5adce910-4398-4544-bda8-7bd6a469f3d4','PR00195','http://localhost:8000/images/5adce910-4398-4544-bda8-7bd6a469f3d4.jpg','2024/12/10 06:57:29',null);
Insert into ITD2024.TB_FILE_DB (UUID,PRID,FILE_URL,INSERT_TIME,UPDATE_TIME) values ('3d1e8a91-e09a-46f3-8ea5-92e60ae1147c','PR00195','http://localhost:8000/images/3d1e8a91-e09a-46f3-8ea5-92e60ae1147c.jpg','2024/12/10 06:57:30',null);
Insert into ITD2024.TB_FILE_DB (UUID,PRID,FILE_URL,INSERT_TIME,UPDATE_TIME) values ('657d4299-3439-4f96-80c5-f145eee39414','PR00195','http://localhost:8000/images/657d4299-3439-4f96-80c5-f145eee39414.jpg','2024/12/10 06:57:31',null);
Insert into ITD2024.TB_FILE_DB (UUID,PRID,FILE_URL,INSERT_TIME,UPDATE_TIME) values ('3b72dea3-f492-46df-8781-549a4eaf68c4','PR00195','http://localhost:8000/images/3b72dea3-f492-46df-8781-549a4eaf68c4.jpg','2024/12/10 06:57:32',null);
Insert into ITD2024.TB_FILE_DB (UUID,PRID,FILE_URL,INSERT_TIME,UPDATE_TIME) values ('9392f06f-554c-40ee-8b0e-78c0f76aa182','PR00195','http://localhost:8000/9392f06f-554c-40ee-8b0e-78c0f76aa182.jpg','2024/12/10 06:57:33',null);
Insert into ITD2024.TB_FILE_DB (UUID,PRID,FILE_URL,INSERT_TIME,UPDATE_TIME) values ('cdb665c0-f707-4b28-b9d7-067387041ee5','PR00195','http://localhost:8000/images/cdb665c0-f707-4b28-b9d7-067387041ee5.jpg','2024/12/10 06:57:34',null);
Insert into ITD2024.TB_FILE_DB (UUID,PRID,FILE_URL,INSERT_TIME,UPDATE_TIME) values ('f2f99d54-d00f-46db-abd0-128875ab53f2','PR00195','http://localhost:8000/images/f2f99d54-d00f-46db-abd0-128875ab53f2.jpg','2024/12/10 06:57:35',null);
Insert into ITD2024.TB_FILE_DB (UUID,PRID,FILE_URL,INSERT_TIME,UPDATE_TIME) values ('250e5fb2-76a1-4d18-a27f-1de9e7ac00de','PR00207','http://localhost:8000/images/250e5fb2-76a1-4d18-a27f-1de9e7ac00de.jpg','2024/12/11 02:43:06',null);
Insert into ITD2024.TB_FILE_DB (UUID,PRID,FILE_URL,INSERT_TIME,UPDATE_TIME) values ('95be90ef-9e9f-4ee9-b454-3be9225c1b05','PR00207','http://localhost:8000/images/95be90ef-9e9f-4ee9-b454-3be9225c1b05.jpg','2024/12/11 02:43:07',null);
Insert into ITD2024.TB_FILE_DB (UUID,PRID,FILE_URL,INSERT_TIME,UPDATE_TIME) values ('0c957f40-dd2c-415e-b767-857752ee0f38','PR00207','http://localhost:8000/images/0c957f40-dd2c-415e-b767-857752ee0f38.jpg','2024/12/11 02:43:07',null);
Insert into ITD2024.TB_FILE_DB (UUID,PRID,FILE_URL,INSERT_TIME,UPDATE_TIME) values ('511742b9-7236-4f0b-aa02-aa99cb118070','PR00207','http://localhost:8000/images/511742b9-7236-4f0b-aa02-aa99cb118070.jpg','2024/12/11 02:43:07',null);
Insert into ITD2024.TB_FILE_DB (UUID,PRID,FILE_URL,INSERT_TIME,UPDATE_TIME) values ('b759d84d-f7d0-435a-bb1d-2b2f1289b6e9','PR00207','http://localhost:8000/images/b759d84d-f7d0-435a-bb1d-2b2f1289b6e9.jpg','2024/12/11 02:43:07',null);
Insert into ITD2024.TB_FILE_DB (UUID,PRID,FILE_URL,INSERT_TIME,UPDATE_TIME) values ('790759c1-c1b1-4795-8c16-93a0fcab9ee7','PR00207','http://localhost:8000/images/790759c1-c1b1-4795-8c16-93a0fcab9ee7.jpg','2024/12/11 02:43:07',null);
Insert into ITD2024.TB_FILE_DB (UUID,PRID,FILE_URL,INSERT_TIME,UPDATE_TIME) values ('7cf893b3-c64a-445c-bcdf-a3ca51a9c31e','PR00215','http://localhost:8000/images/7cf893b3-c64a-445c-bcdf-a3ca51a9c31e.jpg','2024/12/11 03:28:05',null);
Insert into ITD2024.TB_FILE_DB (UUID,PRID,FILE_URL,INSERT_TIME,UPDATE_TIME) values ('ab9213fb-ff0e-4b22-9a72-2032e217eda1','PR00215','http://localhost:8000/images/ab9213fb-ff0e-4b22-9a72-2032e217eda1.jpg','2024/12/11 03:28:05',null);
Insert into ITD2024.TB_FILE_DB (UUID,PRID,FILE_URL,INSERT_TIME,UPDATE_TIME) values ('919dddde-596e-4adc-9d3f-57376d0c7209','PR00215','http://localhost:8000/images/919dddde-596e-4adc-9d3f-57376d0c7209.jpg','2024/12/11 03:28:05',null);
Insert into ITD2024.TB_FILE_DB (UUID,PRID,FILE_URL,INSERT_TIME,UPDATE_TIME) values ('e4db0c59-4eab-4c2c-9698-0f15726a7a44','PR00215','http://localhost:8000/images/e4db0c59-4eab-4c2c-9698-0f15726a7a44.jpg','2024/12/11 03:28:05',null);
Insert into ITD2024.TB_FILE_DB (UUID,PRID,FILE_URL,INSERT_TIME,UPDATE_TIME) values ('62aa35bc-9447-4e31-854c-6bb51f64114b','PR00215','http://localhost:8000/images/62aa35bc-9447-4e31-854c-6bb51f64114b.jpg','2024/12/11 03:28:05',null);
Insert into ITD2024.TB_FILE_DB (UUID,PRID,FILE_URL,INSERT_TIME,UPDATE_TIME) values ('baa680c8-d3b6-4b43-8620-af4de6982c6c','PR00215','http://localhost:8000/images/baa680c8-d3b6-4b43-8620-af4de6982c6c.jpg','2024/12/11 03:28:05',null);
Insert into ITD2024.TB_FILE_DB (UUID,PRID,FILE_URL,INSERT_TIME,UPDATE_TIME) values ('82d2c933-ba03-4f73-a130-fed61c99c4fb','PR00215','http://localhost:8000/images/82d2c933-ba03-4f73-a130-fed61c99c4fb.jpg','2024/12/11 03:28:05',null);
Insert into ITD2024.TB_FILE_DB (UUID,PRID,FILE_URL,INSERT_TIME,UPDATE_TIME) values ('654002c5-ad4f-4a36-8b09-be6a3a4a9174','PR00215','http://localhost:8000/images/654002c5-ad4f-4a36-8b09-be6a3a4a9174.jpg','2024/12/11 03:28:05',null);
Insert into ITD2024.TB_FILE_DB (UUID,PRID,FILE_URL,INSERT_TIME,UPDATE_TIME) values ('f8f912a6-dc18-4d7f-a382-b609c6bf2bae','PR00207','http://localhost:8000/images/f8f912a6-dc18-4d7f-a382-b609c6bf2bae.jpg','2024/12/11 02:43:05',null);
Insert into ITD2024.TB_FILE_DB (UUID,PRID,FILE_URL,INSERT_TIME,UPDATE_TIME) values ('78cf27bb-d744-4fb2-b15f-6b06c808dadd','PR00207','http://localhost:8000/images/78cf27bb-d744-4fb2-b15f-6b06c808dadd.jpg','2024/12/11 02:43:06',null);
Insert into ITD2024.TB_FILE_DB (UUID,PRID,FILE_URL,INSERT_TIME,UPDATE_TIME) values ('d4c7cc58-7031-4fb0-8ee1-566567e84f1a','PR00215','http://localhost:8000/images/d4c7cc58-7031-4fb0-8ee1-566567e84f1a.jpg','2024/12/11 03:28:05',null);
Insert into ITD2024.TB_FILE_DB (UUID,PRID,FILE_URL,INSERT_TIME,UPDATE_TIME) values ('521524dd-a90b-45d8-9e7a-996c819f7de8','PR00217','http://localhost:8000/images/521524dd-a90b-45d8-9e7a-996c819f7de8.jpg','2024/12/11 03:33:40',null);
Insert into ITD2024.TB_FILE_DB (UUID,PRID,FILE_URL,INSERT_TIME,UPDATE_TIME) values ('04986cac-c834-43f9-8aa5-ef531d07f3f4','PR00217','http://localhost:8000/images/04986cac-c834-43f9-8aa5-ef531d07f3f4.jpg','2024/12/11 03:33:40',null);
Insert into ITD2024.TB_FILE_DB (UUID,PRID,FILE_URL,INSERT_TIME,UPDATE_TIME) values ('2cdf17c2-b4c9-4e91-87cc-2b68bc3e431f','PR00217','http://localhost:8000/images/2cdf17c2-b4c9-4e91-87cc-2b68bc3e431f.jpg','2024/12/11 03:33:40',null);
Insert into ITD2024.TB_FILE_DB (UUID,PRID,FILE_URL,INSERT_TIME,UPDATE_TIME) values ('4ae493a3-4cd3-4a3d-a318-24310cde7e94','PR00217','http://localhost:8000/images/4ae493a3-4cd3-4a3d-a318-24310cde7e94.jpg','2024/12/11 03:33:40',null);
Insert into ITD2024.TB_FILE_DB (UUID,PRID,FILE_URL,INSERT_TIME,UPDATE_TIME) values ('474fa396-3be7-470b-89fa-3f036f02eeac','PR00217','http://localhost:8000/images/474fa396-3be7-470b-89fa-3f036f02eeac.jpg','2024/12/11 03:33:40',null);
Insert into ITD2024.TB_FILE_DB (UUID,PRID,FILE_URL,INSERT_TIME,UPDATE_TIME) values ('93ad1cc4-9a20-4415-91b0-b919daffe64c','PR00217','http://192.168.1.82:8000/images/93ad1cc4-9a20-4415-91b0-b919daffe64c.jpg','2024/12/11 03:33:40',null);
Insert into ITD2024.TB_FILE_DB (UUID,PRID,FILE_URL,INSERT_TIME,UPDATE_TIME) values ('e00469fa-450a-4964-9db2-a08a0191c58e','PR00223','http://localhost:8000/images/e00469fa-450a-4964-9db2-a08a0191c58e.jpg','2024/12/11 04:12:48',null);
Insert into ITD2024.TB_FILE_DB (UUID,PRID,FILE_URL,INSERT_TIME,UPDATE_TIME) values ('9346565b-cdda-405d-8c15-e60e02dfef9f','PR00223','http://192.168.1.82:8000/images/9346565b-cdda-405d-8c15-e60e02dfef9f.jpg','2024/12/11 04:12:48',null);
Insert into ITD2024.TB_FILE_DB (UUID,PRID,FILE_URL,INSERT_TIME,UPDATE_TIME) values ('fa5b4ed5-1cb0-4064-9d77-ae52d2b7e187','PR00223','http://192.168.1.82:8000/images/fa5b4ed5-1cb0-4064-9d77-ae52d2b7e187.jpg','2024/12/11 04:12:48',null);
Insert into ITD2024.TB_FILE_DB (UUID,PRID,FILE_URL,INSERT_TIME,UPDATE_TIME) values ('85ac8050-dd72-4f4d-8141-3a5849fd95f6','PR00223','http://192.168.1.82:8000/images/85ac8050-dd72-4f4d-8141-3a5849fd95f6.jpg','2024/12/11 04:12:48',null);
Insert into ITD2024.TB_FILE_DB (UUID,PRID,FILE_URL,INSERT_TIME,UPDATE_TIME) values ('e7c8d9f1-467e-4ef3-914c-f094f68d1196','PR00223','http://192.168.1.82:8000/images/e7c8d9f1-467e-4ef3-914c-f094f68d1196.jpg','2024/12/11 04:12:48',null);
Insert into ITD2024.TB_FILE_DB (UUID,PRID,FILE_URL,INSERT_TIME,UPDATE_TIME) values ('652ba539-276b-486c-8125-d1a103bc2096','PR00225','http://localhost:8000/images/652ba539-276b-486c-8125-d1a103bc2096.jpg','2024/12/11 04:16:14',null);
Insert into ITD2024.TB_FILE_DB (UUID,PRID,FILE_URL,INSERT_TIME,UPDATE_TIME) values ('c52532be-ba0b-458a-92ba-939978173c88','PR00225','http://192.168.1.82:8000/images/c52532be-ba0b-458a-92ba-939978173c88.jpg','2024/12/11 04:16:14',null);
Insert into ITD2024.TB_FILE_DB (UUID,PRID,FILE_URL,INSERT_TIME,UPDATE_TIME) values ('670025e3-91b5-49b4-8e85-1bd92d955516','PR00225','http://192.168.1.82:8000/images/670025e3-91b5-49b4-8e85-1bd92d955516.jpg','2024/12/11 04:16:14',null);
Insert into ITD2024.TB_FILE_DB (UUID,PRID,FILE_URL,INSERT_TIME,UPDATE_TIME) values ('a8a52062-1bd5-4b85-80d2-e9f77f46015e','PR00225','http://192.168.1.82:8000/images/a8a52062-1bd5-4b85-80d2-e9f77f46015e.jpg','2024/12/11 04:16:14',null);
Insert into ITD2024.TB_FILE_DB (UUID,PRID,FILE_URL,INSERT_TIME,UPDATE_TIME) values ('54124235-7358-4678-a952-6d81354be6ee','PR00225','http://192.168.1.82:8000/images/54124235-7358-4678-a952-6d81354be6ee.jpg','2024/12/11 04:16:14',null);
Insert into ITD2024.TB_FILE_DB (UUID,PRID,FILE_URL,INSERT_TIME,UPDATE_TIME) values ('2f8b1d00-5a5b-4080-8cd6-e7fa02974e96','PR00225','http://192.168.1.82:8000/images/2f8b1d00-5a5b-4080-8cd6-e7fa02974e96.jpg','2024/12/11 04:16:14',null);
Insert into ITD2024.TB_FILE_DB (UUID,PRID,FILE_URL,INSERT_TIME,UPDATE_TIME) values ('5ed7e855-8f49-49bb-91d2-6ae2b1e64625','PR00225','http://192.168.1.82:8000/images/5ed7e855-8f49-49bb-91d2-6ae2b1e64625.jpg','2024/12/11 04:16:14',null);
Insert into ITD2024.TB_FILE_DB (UUID,PRID,FILE_URL,INSERT_TIME,UPDATE_TIME) values ('76a8ad87-6170-4308-9fcc-cf95929cf04e','PR00229','http://localhost:8000/images/76a8ad87-6170-4308-9fcc-cf95929cf04e.jpg','2024/12/11 06:19:27',null);
Insert into ITD2024.TB_FILE_DB (UUID,PRID,FILE_URL,INSERT_TIME,UPDATE_TIME) values ('dfe1ec00-ff34-48d1-924c-3072d0777c84','PR00229','http://localhost:8000/images/dfe1ec00-ff34-48d1-924c-3072d0777c84.jpg','2024/12/11 06:19:27',null);
Insert into ITD2024.TB_FILE_DB (UUID,PRID,FILE_URL,INSERT_TIME,UPDATE_TIME) values ('49b9acfa-1ef4-46bc-801f-5d0d9d6115d7','PR00229','http://localhost:8000/images/49b9acfa-1ef4-46bc-801f-5d0d9d6115d7.jpg','2024/12/11 06:19:27',null);
Insert into ITD2024.TB_FILE_DB (UUID,PRID,FILE_URL,INSERT_TIME,UPDATE_TIME) values ('e0cf7a02-b1a8-4fe0-b9e6-c1274f8ef5cd','PR00229','http://localhost:8000/images/e0cf7a02-b1a8-4fe0-b9e6-c1274f8ef5cd.jpg','2024/12/11 06:19:27',null);
Insert into ITD2024.TB_FILE_DB (UUID,PRID,FILE_URL,INSERT_TIME,UPDATE_TIME) values ('be634e89-4f1d-492e-bd34-68da12fb80ea','PR00229','http://localhost:8000/images/be634e89-4f1d-492e-bd34-68da12fb80ea.jpg','2024/12/11 06:19:28',null);
Insert into ITD2024.TB_FILE_DB (UUID,PRID,FILE_URL,INSERT_TIME,UPDATE_TIME) values ('6ff9fdfa-dccd-4439-9860-4796e0a4fb73','PR00229','http://localhost:8000/images/6ff9fdfa-dccd-4439-9860-4796e0a4fb73.jpg','2024/12/11 06:19:28',null);
Insert into ITD2024.TB_FILE_DB (UUID,PRID,FILE_URL,INSERT_TIME,UPDATE_TIME) values ('13332700-2812-4e6f-b7c6-e5c7b334d44b','PR00229','http://localhost:8000/images/13332700-2812-4e6f-b7c6-e5c7b334d44b.jpg','2024/12/11 06:19:28',null);
Insert into ITD2024.TB_FILE_DB (UUID,PRID,FILE_URL,INSERT_TIME,UPDATE_TIME) values ('764d2930-2db0-4982-878f-3475834d5d1e','PR00213','http://192.168.1.82:8000/images/764d2930-2db0-4982-878f-3475834d5d1e.jpg','2024/12/11 03:24:00',null);
Insert into ITD2024.TB_FILE_DB (UUID,PRID,FILE_URL,INSERT_TIME,UPDATE_TIME) values ('f91484c3-abb7-4d1f-a251-9bf7d29e074b','PR00213','http://192.168.1.82:8000/images/f91484c3-abb7-4d1f-a251-9bf7d29e074b.jpg','2024/12/11 03:24:01',null);
Insert into ITD2024.TB_FILE_DB (UUID,PRID,FILE_URL,INSERT_TIME,UPDATE_TIME) values ('08ff6ff7-7899-462e-9d10-9ac6bee636b2','PR00213','http://192.168.1.82:8000/images/08ff6ff7-7899-462e-9d10-9ac6bee636b2.jpg','2024/12/11 03:24:01',null);
Insert into ITD2024.TB_FILE_DB (UUID,PRID,FILE_URL,INSERT_TIME,UPDATE_TIME) values ('678e7d7d-5c8a-41c9-9d20-bb2bc7802e75','PR00213','http://192.168.1.82:8000/images/678e7d7d-5c8a-41c9-9d20-bb2bc7802e75.jpg','2024/12/11 03:24:01',null);
Insert into ITD2024.TB_FILE_DB (UUID,PRID,FILE_URL,INSERT_TIME,UPDATE_TIME) values ('e7a212e6-197a-4ef9-8635-fa421278d683','PR00213','http://192.168.1.82:8000/images/e7a212e6-197a-4ef9-8635-fa421278d683.jpg','2024/12/11 03:24:01',null);
Insert into ITD2024.TB_FILE_DB (UUID,PRID,FILE_URL,INSERT_TIME,UPDATE_TIME) values ('25c22ae0-c9ee-4716-9872-a2a50ea955d9','PR00213','http://192.168.1.82:8000/images/25c22ae0-c9ee-4716-9872-a2a50ea955d9.jpg','2024/12/11 03:24:01',null);
Insert into ITD2024.TB_FILE_DB (UUID,PRID,FILE_URL,INSERT_TIME,UPDATE_TIME) values ('23285b2f-dd19-484b-b744-0a8dfcc3e85e','PR00219','http://192.168.1.82:8000/images/23285b2f-dd19-484b-b744-0a8dfcc3e85e.jpg','2024/12/11 03:37:47',null);
Insert into ITD2024.TB_FILE_DB (UUID,PRID,FILE_URL,INSERT_TIME,UPDATE_TIME) values ('a8d9b3d8-50a0-4ba7-9570-0a3636c7a5c9','PR00219','http://192.168.1.82:8000/images/a8d9b3d8-50a0-4ba7-9570-0a3636c7a5c9.jpg','2024/12/11 03:37:47',null);
Insert into ITD2024.TB_FILE_DB (UUID,PRID,FILE_URL,INSERT_TIME,UPDATE_TIME) values ('fa9ee6fe-4f2c-4618-b3ba-b33e88ae6c04','PR00219','http://192.168.1.82:8000/images/fa9ee6fe-4f2c-4618-b3ba-b33e88ae6c04.jpg','2024/12/11 03:37:47',null);
Insert into ITD2024.TB_FILE_DB (UUID,PRID,FILE_URL,INSERT_TIME,UPDATE_TIME) values ('55842b98-854b-4ac6-ac1c-2f1f197b2244','PR00219','http://192.168.1.82:8000/images/55842b98-854b-4ac6-ac1c-2f1f197b2244.jpg','2024/12/11 03:37:47',null);
REM INSERTING into ITD2024.TB_INQUIRY
SET DEFINE OFF;
Insert into ITD2024.TB_INQUIRY (IQID,TITLE,CONTENTS,WRITER,REID,INSERT_TIME,UPDATE_TIME) values ('IQ00081','ㅁㄴㅇㅁㄴㅇ','ㅁㄴㅇㄴㅁㅇ','admin@naver.com',null,'2024/12/12 06:51:22',null);
Insert into ITD2024.TB_INQUIRY (IQID,TITLE,CONTENTS,WRITER,REID,INSERT_TIME,UPDATE_TIME) values ('IQ00082','541651','ㅣㅏㅏㅓㅕㅑ','admin@naver.com',null,'2024/12/12 06:53:13',null);
Insert into ITD2024.TB_INQUIRY (IQID,TITLE,CONTENTS,WRITER,REID,INSERT_TIME,UPDATE_TIME) values ('IQ00083','김칫국','ㅇㅇㅇ','admin@naver.com',null,'2024/12/12 06:53:24',null);
Insert into ITD2024.TB_INQUIRY (IQID,TITLE,CONTENTS,WRITER,REID,INSERT_TIME,UPDATE_TIME) values ('IQ00079','홍길동지운놈나와','자수하고광명찾자','admin@naver.com',null,'2024/12/12 06:38:22',null);
Insert into ITD2024.TB_INQUIRY (IQID,TITLE,CONTENTS,WRITER,REID,INSERT_TIME,UPDATE_TIME) values ('IQ00080','꼭찾겠습니다','ㅁㅁㅁㅁㅁㅁㅁㅁㅁㅁㅁㅁㅁㅁㅁㅁㅁㅁㅁ','admin@naver.com',null,'2024/12/12 06:46:25',null);
REM INSERTING into ITD2024.TB_INVENTORY
SET DEFINE OFF;
REM INSERTING into ITD2024.TB_MEMBER
SET DEFINE OFF;
Insert into ITD2024.TB_MEMBER (EMAIL,PASSWORD,NAME,PHONE_NUMBER,CODE_NAME,INSERT_TIME,UPDATE_TIME) values ('ohtaehoon@naver.com','$2a$10$pvynbY93ZaFlHkTSHnXgce2axpZo2vdUKqg.ivl0QpcEYQD2WdTNa','오태훈','01050691706','ROLE_USER','2024/12/12 05:06:23',null);
Insert into ITD2024.TB_MEMBER (EMAIL,PASSWORD,NAME,PHONE_NUMBER,CODE_NAME,INSERT_TIME,UPDATE_TIME) values ('kimyonghwan@naver.com','$2a$10$9lhwCkd5jdBnPYuQbQe.denJ/L3yIglPv8GCLZ8ZPWBcDvKp.7Y5C','김용환','01012341234','ROLE_USER','2024/12/12 06:33:00',null);
Insert into ITD2024.TB_MEMBER (EMAIL,PASSWORD,NAME,PHONE_NUMBER,CODE_NAME,INSERT_TIME,UPDATE_TIME) values ('leejoonmin@naver.com','$2a$10$60ZGJYmNMRMeXDsO93VtAu9kGt2DjmE4XCgFev2uviz2tCIk8YLb6','이준민','01012341234','ROLE_USER','2024/12/12 06:33:25',null);
Insert into ITD2024.TB_MEMBER (EMAIL,PASSWORD,NAME,PHONE_NUMBER,CODE_NAME,INSERT_TIME,UPDATE_TIME) values ('simgeunwoo@naver.com','$2a$10$jsIKOvyC8eS5giUAvo1rP.Iqj6zobcvFZI5iEhPb7RVb7O61wYYji','심근우','01012341234','ROLE_USER','2024/12/12 06:34:08',null);
Insert into ITD2024.TB_MEMBER (EMAIL,PASSWORD,NAME,PHONE_NUMBER,CODE_NAME,INSERT_TIME,UPDATE_TIME) values ('ITN2024@gmail.com','$2a$10$Scn2pMhxBSHmp..Qj4Lave90bvqnTXVMZHjb7RDdFafnPRxG8jl5O','ITN(관리자)','01012345678','ROLE_ADMIN','2024/12/12 04:58:33',null);
Insert into ITD2024.TB_MEMBER (EMAIL,PASSWORD,NAME,PHONE_NUMBER,CODE_NAME,INSERT_TIME,UPDATE_TIME) values ('seojoonbyung@naver.com','$2a$10$KhKq/ZKvn8AEepEyAG.D0.T33FJiTDuW85qKiSk2DVHpSutW0Fcyi','서준병','01012341234','ROLE_USER','2024/12/12 06:34:39',null);
Insert into ITD2024.TB_MEMBER (EMAIL,PASSWORD,NAME,PHONE_NUMBER,CODE_NAME,INSERT_TIME,UPDATE_TIME) values ('hanyulgyu@naver.com','$2a$10$6W6z7YYNzRQx4acmQbItn.MmvsVhWZugRCER4dgi2G2wrsu2wPSOe','한율규','01012341234','ROLE_USER','2024/12/12 06:35:47',null);
Insert into ITD2024.TB_MEMBER (EMAIL,PASSWORD,NAME,PHONE_NUMBER,CODE_NAME,INSERT_TIME,UPDATE_TIME) values ('admin@naver.com','$2a$10$sj9QtpsIQ7dRmyCd7567Se4jpH6zfNLlJcSdtZUKB4gzWwRSYDEXS','ADMIN(관리자)','01012345678','ROLE_ADMIN','2024/12/12 04:55:09',null);
REM INSERTING into ITD2024.TB_NOTICE
SET DEFINE OFF;
Insert into ITD2024.TB_NOTICE (NOID,UUID,TITLE,CONTENTS,IMAGE_URL,WRITER,INSERT_TIME,UPDATE_TIME) values ('4a29e096-9538-474a-a3ae-5b84cedd156b',null,'46515165165','ㅁㅇㄴㅇㄴㄴㅇㅁ','http://192.168.1.82:8000/api/basic/notice/4a29e096-9538-474a-a3ae-5b84cedd156b','ITN2024@gmail.com','2024/12/12 07:21:33',null);
Insert into ITD2024.TB_NOTICE (NOID,UUID,TITLE,CONTENTS,IMAGE_URL,WRITER,INSERT_TIME,UPDATE_TIME) values ('2d68c1b0-d769-4b95-aa5e-4134ea8b4f87',null,'ㅁㄴㅇㅁㄴㅇㄴㅁㅇ','ㅁㄴㅇㅁㄴㅇㅁㄴㅇㅁㄴㅇ','http://192.168.1.82:8000/api/basic/notice/2d68c1b0-d769-4b95-aa5e-4134ea8b4f87','ITN2024@gmail.com','2024/12/12 07:21:07',null);
Insert into ITD2024.TB_NOTICE (NOID,UUID,TITLE,CONTENTS,IMAGE_URL,WRITER,INSERT_TIME,UPDATE_TIME) values ('a1ff96f5-22b5-4e39-8129-ab1210802f42',null,'ㅁㄴㅇㄴㅁ','ㅇㄴㄴㅁㅇㄴㅇㅁㄴㅇㅁ','http://192.168.1.82:8000/api/basic/notice/a1ff96f5-22b5-4e39-8129-ab1210802f42','ITN2024@gmail.com','2024/12/12 07:21:24',null);
Insert into ITD2024.TB_NOTICE (NOID,UUID,TITLE,CONTENTS,IMAGE_URL,WRITER,INSERT_TIME,UPDATE_TIME) values ('b9280e4f-1401-47b5-b9bb-b68dcfef32bb',null,'ㅁㄴㅇㅇㄴㄴㅁㅇ','ㅇㄴㅁㅇㄴㅁ','http://192.168.1.82:8000/api/basic/notice/b9280e4f-1401-47b5-b9bb-b68dcfef32bb','ITN2024@gmail.com','2024/12/12 07:21:40',null);
Insert into ITD2024.TB_NOTICE (NOID,UUID,TITLE,CONTENTS,IMAGE_URL,WRITER,INSERT_TIME,UPDATE_TIME) values ('fb429230-6203-4dc4-82f8-5d64e8d2b6e7',null,'ㅁㄴㅇㅇㅇㄴㅁㅇㄴㅁ','ㄴㅁㅇㄴㅁㅇㅇㄴㄴㅁㅇ','http://192.168.1.82:8000/api/basic/notice/fb429230-6203-4dc4-82f8-5d64e8d2b6e7','ITN2024@gmail.com','2024/12/12 07:23:33',null);
Insert into ITD2024.TB_NOTICE (NOID,UUID,TITLE,CONTENTS,IMAGE_URL,WRITER,INSERT_TIME,UPDATE_TIME) values ('7eab8491-1592-47e7-b0f0-29e9e9a0d6d2',null,'asdsad','sadasdsda','http://192.168.1.82:8000/api/basic/notice/7eab8491-1592-47e7-b0f0-29e9e9a0d6d2','ITN2024@gmail.com','2024/12/12 07:23:45',null);
Insert into ITD2024.TB_NOTICE (NOID,UUID,TITLE,CONTENTS,IMAGE_URL,WRITER,INSERT_TIME,UPDATE_TIME) values ('98efb313-8a55-4acc-818d-10ed98d0788d',null,'asdasdsa','dasdasdsad','http://192.168.1.82:8000/api/basic/notice/98efb313-8a55-4acc-818d-10ed98d0788d','ITN2024@gmail.com','2024/12/12 07:24:13',null);
Insert into ITD2024.TB_NOTICE (NOID,UUID,TITLE,CONTENTS,IMAGE_URL,WRITER,INSERT_TIME,UPDATE_TIME) values ('af00d26e-c835-4a31-9523-266e64b49928',null,'1818','좀되라','http://192.168.1.82:8000/api/basic/notice/af00d26e-c835-4a31-9523-266e64b49928','ITN2024@gmail.com','2024/12/12 05:55:44',null);
Insert into ITD2024.TB_NOTICE (NOID,UUID,TITLE,CONTENTS,IMAGE_URL,WRITER,INSERT_TIME,UPDATE_TIME) values ('eebaab7e-abd6-45fa-a22f-b4bfe1e7d8fa',null,'asdasdas','asdasdasd','http://192.168.1.82:8000/api/basic/notice/eebaab7e-abd6-45fa-a22f-b4bfe1e7d8fa','ITN2024@gmail.com','2024/12/12 06:02:26',null);
Insert into ITD2024.TB_NOTICE (NOID,UUID,TITLE,CONTENTS,IMAGE_URL,WRITER,INSERT_TIME,UPDATE_TIME) values ('7c3cf018-f8ef-46c4-bc6d-3d7fcebc9d33',null,'18','18','http://192.168.1.82:8000/api/basic/notice/7c3cf018-f8ef-46c4-bc6d-3d7fcebc9d33','ITN2024@gmail.com','2024/12/12 06:09:51',null);
Insert into ITD2024.TB_NOTICE (NOID,UUID,TITLE,CONTENTS,IMAGE_URL,WRITER,INSERT_TIME,UPDATE_TIME) values ('fdbc765a-fcf7-4c1e-883f-309f820c382e',null,'김칫국','드링킹','http://192.168.1.82:8000/api/basic/notice/fdbc765a-fcf7-4c1e-883f-309f820c382e','ITN2024@gmail.com','2024/12/12 06:17:48',null);
REM INSERTING into ITD2024.TB_ORDER
SET DEFINE OFF;
REM INSERTING into ITD2024.TB_PAYMENT
SET DEFINE OFF;
REM INSERTING into ITD2024.TB_PRODUCT
SET DEFINE OFF;
Insert into ITD2024.TB_PRODUCT (PRID,CODE,NAME,KAREGORIE,GENDER,PRICE,CONTENTS,SALES,INSERT_TIME,UPDATE_TIME) values ('PR00001','Z523R5','흑월 단 두루마기 오픈코트','두루마기','남녀공용',179000,'지우지 마시오 후기 테이블에서 사용중',0,'2024/12/10 04:31:03',null);
Insert into ITD2024.TB_PRODUCT (PRID,CODE,NAME,KAREGORIE,GENDER,PRICE,CONTENTS,SALES,INSERT_TIME,UPDATE_TIME) values ('PR00002','Z595L8','늘품 티저고리 배색깃 에디션','저고리','남녀공용',139000,'지우지 마시오 후기 테이블에서 사용중',0,'2024/12/10 04:31:03',null);
Insert into ITD2024.TB_PRODUCT (PRID,CODE,NAME,KAREGORIE,GENDER,PRICE,CONTENTS,SALES,INSERT_TIME,UPDATE_TIME) values ('PR00003','Z175Y2','기모 창경 바지','바지','남녀공용',159000,'지우지 마시오 후기 테이블에서 사용중',5,'2024/12/10 04:31:03',null);
Insert into ITD2024.TB_PRODUCT (PRID,CODE,NAME,KAREGORIE,GENDER,PRICE,CONTENTS,SALES,INSERT_TIME,UPDATE_TIME) values ('PR00195','DM196','ㅁㄴㅇ','두루마기','남성',123213,'352525',0,'2024/12/10 06:57:29',null);
Insert into ITD2024.TB_PRODUCT (PRID,CODE,NAME,KAREGORIE,GENDER,PRICE,CONTENTS,SALES,INSERT_TIME,UPDATE_TIME) values ('PR00211','DM212','테스트','두루마기','남성',213213,'테스트',4,'2024/12/11 03:15:23',null);
Insert into ITD2024.TB_PRODUCT (PRID,CODE,NAME,KAREGORIE,GENDER,PRICE,CONTENTS,SALES,INSERT_TIME,UPDATE_TIME) values ('PR00207','PN208','심근우 참치살','바지','남성',778040,'555',0,'2024/12/11 02:43:06',null);
Insert into ITD2024.TB_PRODUCT (PRID,CODE,NAME,KAREGORIE,GENDER,PRICE,CONTENTS,SALES,INSERT_TIME,UPDATE_TIME) values ('PR00215','DM216','심근우 낭심보호대','두루마기','남성',445000,'ㅂㅈㄷㅂㅈㄷ',80,'2024/12/11 03:28:05',null);
Insert into ITD2024.TB_PRODUCT (PRID,CODE,NAME,KAREGORIE,GENDER,PRICE,CONTENTS,SALES,INSERT_TIME,UPDATE_TIME) values ('PR00217','JG218','ㅁㄴㅇ','저고리','남성',1231,'ㅁㄴㅇㅁㄴㅇ',3,'2024/12/11 03:33:40',null);
Insert into ITD2024.TB_PRODUCT (PRID,CODE,NAME,KAREGORIE,GENDER,PRICE,CONTENTS,SALES,INSERT_TIME,UPDATE_TIME) values ('PR00223','JG224','1232','저고리','남성',1232,'ㅁㄴㅇㄹㅇㄴ',1,'2024/12/11 04:12:48',null);
Insert into ITD2024.TB_PRODUCT (PRID,CODE,NAME,KAREGORIE,GENDER,PRICE,CONTENTS,SALES,INSERT_TIME,UPDATE_TIME) values ('PR00225','DM226','1232테스테스테','두루마기','남성',1232,'ㅁㄴㅇㄻㄴㅇ1232테스테스테',0,'2024/12/11 04:16:14',null);
Insert into ITD2024.TB_PRODUCT (PRID,CODE,NAME,KAREGORIE,GENDER,PRICE,CONTENTS,SALES,INSERT_TIME,UPDATE_TIME) values ('PR00229','DM230','상품 상세 페이지 테스트용도입니다','두루마기','남성',124321412,'상품 상세 페이지 테스트용도입니다',2,'2024/12/11 06:19:27',null);
Insert into ITD2024.TB_PRODUCT (PRID,CODE,NAME,KAREGORIE,GENDER,PRICE,CONTENTS,SALES,INSERT_TIME,UPDATE_TIME) values ('PR00213','DM214','테스트123','두루마기','남성',123123,'ㅁㄴㅇㅁㄴㅇ',0,'2024/12/11 03:24:01',null);
Insert into ITD2024.TB_PRODUCT (PRID,CODE,NAME,KAREGORIE,GENDER,PRICE,CONTENTS,SALES,INSERT_TIME,UPDATE_TIME) values ('PR00219','DM220','ㅁㄴㅇ','두루마기','남성',1232,'ㄴㅁㄻㄴㅇㄹ',0,'2024/12/11 03:37:47',null);
REM INSERTING into ITD2024.TB_REVIEW
SET DEFINE OFF;
REM INSERTING into ITD2024.TB_SIZE
SET DEFINE OFF;
Insert into ITD2024.TB_SIZE (SIID,SHOULDER,ARMS,WAIST,SLEEVE,LENGTH,MEN_SIZE,WOMAN_SIZE,PLUS_PRICE,INSERT_TIME,UPDATE_TIME) values ('M','40','59','14.5','52','69','~90','~55',0,'2024/11/27 06:57:14',null);
Insert into ITD2024.TB_SIZE (SIID,SHOULDER,ARMS,WAIST,SLEEVE,LENGTH,MEN_SIZE,WOMAN_SIZE,PLUS_PRICE,INSERT_TIME,UPDATE_TIME) values ('L','43','61','15','56','71','95~100','66~77',0,'2024/11/27 07:00:10',null);
Insert into ITD2024.TB_SIZE (SIID,SHOULDER,ARMS,WAIST,SLEEVE,LENGTH,MEN_SIZE,WOMAN_SIZE,PLUS_PRICE,INSERT_TIME,UPDATE_TIME) values ('XL','46','61','15.5','60','73','105~110','105~110',0,'2024/11/27 07:01:08',null);
Insert into ITD2024.TB_SIZE (SIID,SHOULDER,ARMS,WAIST,SLEEVE,LENGTH,MEN_SIZE,WOMAN_SIZE,PLUS_PRICE,INSERT_TIME,UPDATE_TIME) values ('XXL','49','64','17','64','75','110~115','99+',0,'2024/11/27 07:01:41',null);
--------------------------------------------------------
--  DDL for Index TB_FAQ_PK
--------------------------------------------------------

  CREATE UNIQUE INDEX "ITD2024"."TB_FAQ_PK" ON "ITD2024"."TB_INQUIRY" ("IQID") 
  PCTFREE 10 INITRANS 2 MAXTRANS 255 COMPUTE STATISTICS 
  STORAGE(INITIAL 65536 NEXT 1048576 MINEXTENTS 1 MAXEXTENTS 2147483645
  PCTINCREASE 0 FREELISTS 1 FREELIST GROUPS 1
  BUFFER_POOL DEFAULT FLASH_CACHE DEFAULT CELL_FLASH_CACHE DEFAULT)
  TABLESPACE "USERS" ;
--------------------------------------------------------
--  DDL for Index TB_CART_PK
--------------------------------------------------------

  CREATE UNIQUE INDEX "ITD2024"."TB_CART_PK" ON "ITD2024"."TB_CART" ("CAID") 
  PCTFREE 10 INITRANS 2 MAXTRANS 255 COMPUTE STATISTICS 
  STORAGE(INITIAL 65536 NEXT 1048576 MINEXTENTS 1 MAXEXTENTS 2147483645
  PCTINCREASE 0 FREELISTS 1 FREELIST GROUPS 1
  BUFFER_POOL DEFAULT FLASH_CACHE DEFAULT CELL_FLASH_CACHE DEFAULT)
  TABLESPACE "USERS" ;
--------------------------------------------------------
--  DDL for Index TB_FILE_DB_PK
--------------------------------------------------------

  CREATE UNIQUE INDEX "ITD2024"."TB_FILE_DB_PK" ON "ITD2024"."TB_FILE_DB" ("UUID") 
  PCTFREE 10 INITRANS 2 MAXTRANS 255 COMPUTE STATISTICS 
  STORAGE(INITIAL 65536 NEXT 1048576 MINEXTENTS 1 MAXEXTENTS 2147483645
  PCTINCREASE 0 FREELISTS 1 FREELIST GROUPS 1
  BUFFER_POOL DEFAULT FLASH_CACHE DEFAULT CELL_FLASH_CACHE DEFAULT)
  TABLESPACE "USERS" ;
--------------------------------------------------------
--  DDL for Index TB_SIZE_PK
--------------------------------------------------------

  CREATE UNIQUE INDEX "ITD2024"."TB_SIZE_PK" ON "ITD2024"."TB_SIZE" ("SIID") 
  PCTFREE 10 INITRANS 2 MAXTRANS 255 COMPUTE STATISTICS 
  STORAGE(INITIAL 65536 NEXT 1048576 MINEXTENTS 1 MAXEXTENTS 2147483645
  PCTINCREASE 0 FREELISTS 1 FREELIST GROUPS 1
  BUFFER_POOL DEFAULT FLASH_CACHE DEFAULT CELL_FLASH_CACHE DEFAULT)
  TABLESPACE "USERS" ;
--------------------------------------------------------
--  DDL for Index TB_PRODECT_PK
--------------------------------------------------------

  CREATE UNIQUE INDEX "ITD2024"."TB_PRODECT_PK" ON "ITD2024"."TB_PRODUCT" ("PRID") 
  PCTFREE 10 INITRANS 2 MAXTRANS 255 COMPUTE STATISTICS 
  STORAGE(INITIAL 65536 NEXT 1048576 MINEXTENTS 1 MAXEXTENTS 2147483645
  PCTINCREASE 0 FREELISTS 1 FREELIST GROUPS 1
  BUFFER_POOL DEFAULT FLASH_CACHE DEFAULT CELL_FLASH_CACHE DEFAULT)
  TABLESPACE "USERS" ;
--------------------------------------------------------
--  DDL for Index TB_NOTICE_PK
--------------------------------------------------------

  CREATE UNIQUE INDEX "ITD2024"."TB_NOTICE_PK" ON "ITD2024"."TB_NOTICE" ("NOID") 
  PCTFREE 10 INITRANS 2 MAXTRANS 255 COMPUTE STATISTICS 
  STORAGE(INITIAL 65536 NEXT 1048576 MINEXTENTS 1 MAXEXTENTS 2147483645
  PCTINCREASE 0 FREELISTS 1 FREELIST GROUPS 1
  BUFFER_POOL DEFAULT FLASH_CACHE DEFAULT CELL_FLASH_CACHE DEFAULT)
  TABLESPACE "USERS" ;
--------------------------------------------------------
--  DDL for Index TABLE1_PK
--------------------------------------------------------

  CREATE UNIQUE INDEX "ITD2024"."TABLE1_PK" ON "ITD2024"."TB_DELIVERY" ("DEID") 
  PCTFREE 10 INITRANS 2 MAXTRANS 255 COMPUTE STATISTICS 
  STORAGE(INITIAL 65536 NEXT 1048576 MINEXTENTS 1 MAXEXTENTS 2147483645
  PCTINCREASE 0 FREELISTS 1 FREELIST GROUPS 1
  BUFFER_POOL DEFAULT FLASH_CACHE DEFAULT CELL_FLASH_CACHE DEFAULT)
  TABLESPACE "USERS" ;
--------------------------------------------------------
--  DDL for Index TB_INVENTORY_PK
--------------------------------------------------------

  CREATE UNIQUE INDEX "ITD2024"."TB_INVENTORY_PK" ON "ITD2024"."TB_INVENTORY" ("INID") 
  PCTFREE 10 INITRANS 2 MAXTRANS 255 COMPUTE STATISTICS 
  TABLESPACE "USERS" ;
--------------------------------------------------------
--  DDL for Index TB_ORDER_PK
--------------------------------------------------------

  CREATE UNIQUE INDEX "ITD2024"."TB_ORDER_PK" ON "ITD2024"."TB_ORDER" ("ORID") 
  PCTFREE 10 INITRANS 2 MAXTRANS 255 COMPUTE STATISTICS 
  STORAGE(INITIAL 65536 NEXT 1048576 MINEXTENTS 1 MAXEXTENTS 2147483645
  PCTINCREASE 0 FREELISTS 1 FREELIST GROUPS 1
  BUFFER_POOL DEFAULT FLASH_CACHE DEFAULT CELL_FLASH_CACHE DEFAULT)
  TABLESPACE "USERS" ;
--------------------------------------------------------
--  DDL for Index TB_MEMBER_PK
--------------------------------------------------------

  CREATE UNIQUE INDEX "ITD2024"."TB_MEMBER_PK" ON "ITD2024"."TB_MEMBER" ("EMAIL") 
  PCTFREE 10 INITRANS 2 MAXTRANS 255 COMPUTE STATISTICS 
  STORAGE(INITIAL 65536 NEXT 1048576 MINEXTENTS 1 MAXEXTENTS 2147483645
  PCTINCREASE 0 FREELISTS 1 FREELIST GROUPS 1
  BUFFER_POOL DEFAULT FLASH_CACHE DEFAULT CELL_FLASH_CACHE DEFAULT)
  TABLESPACE "USERS" ;
--------------------------------------------------------
--  DDL for Index TB_REVIEW_PK
--------------------------------------------------------

  CREATE UNIQUE INDEX "ITD2024"."TB_REVIEW_PK" ON "ITD2024"."TB_REVIEW" ("RVID") 
  PCTFREE 10 INITRANS 2 MAXTRANS 255 COMPUTE STATISTICS 
  STORAGE(INITIAL 65536 NEXT 1048576 MINEXTENTS 1 MAXEXTENTS 2147483645
  PCTINCREASE 0 FREELISTS 1 FREELIST GROUPS 1
  BUFFER_POOL DEFAULT FLASH_CACHE DEFAULT CELL_FLASH_CACHE DEFAULT)
  TABLESPACE "USERS" ;
--------------------------------------------------------
--  DDL for Index TB_PAYMENT_PK
--------------------------------------------------------

  CREATE UNIQUE INDEX "ITD2024"."TB_PAYMENT_PK" ON "ITD2024"."TB_PAYMENT" ("PAID") 
  PCTFREE 10 INITRANS 2 MAXTRANS 255 COMPUTE STATISTICS 
  STORAGE(INITIAL 65536 NEXT 1048576 MINEXTENTS 1 MAXEXTENTS 2147483645
  PCTINCREASE 0 FREELISTS 1 FREELIST GROUPS 1
  BUFFER_POOL DEFAULT FLASH_CACHE DEFAULT CELL_FLASH_CACHE DEFAULT)
  TABLESPACE "USERS" ;
--------------------------------------------------------
--  DDL for Index TB_EXAMPLE_PK
--------------------------------------------------------

  CREATE UNIQUE INDEX "ITD2024"."TB_EXAMPLE_PK" ON "ITD2024"."TB_EXAMPLE" ("EXID") 
  PCTFREE 10 INITRANS 2 MAXTRANS 255 COMPUTE STATISTICS 
  STORAGE(INITIAL 65536 NEXT 1048576 MINEXTENTS 1 MAXEXTENTS 2147483645
  PCTINCREASE 0 FREELISTS 1 FREELIST GROUPS 1
  BUFFER_POOL DEFAULT FLASH_CACHE DEFAULT CELL_FLASH_CACHE DEFAULT)
  TABLESPACE "USERS" ;
--------------------------------------------------------
--  Constraints for Table TB_INVENTORY
--------------------------------------------------------

  ALTER TABLE "ITD2024"."TB_INVENTORY" MODIFY ("INID" NOT NULL ENABLE);
  ALTER TABLE "ITD2024"."TB_INVENTORY" MODIFY ("PRID" NOT NULL ENABLE);
  ALTER TABLE "ITD2024"."TB_INVENTORY" MODIFY ("SIID" NOT NULL ENABLE);
  ALTER TABLE "ITD2024"."TB_INVENTORY" MODIFY ("QUANTITY" NOT NULL ENABLE);
  ALTER TABLE "ITD2024"."TB_INVENTORY" MODIFY ("INSERT_TIME" NOT NULL ENABLE);
  ALTER TABLE "ITD2024"."TB_INVENTORY" ADD CONSTRAINT "TB_INVENTORY_PK" PRIMARY KEY ("INID")
  USING INDEX PCTFREE 10 INITRANS 2 MAXTRANS 255 COMPUTE STATISTICS 
  TABLESPACE "USERS"  ENABLE;
--------------------------------------------------------
--  Constraints for Table TB_EXAMPLE
--------------------------------------------------------

  ALTER TABLE "ITD2024"."TB_EXAMPLE" MODIFY ("EXID" NOT NULL ENABLE);
  ALTER TABLE "ITD2024"."TB_EXAMPLE" MODIFY ("TITLE" NOT NULL ENABLE);
  ALTER TABLE "ITD2024"."TB_EXAMPLE" MODIFY ("INSERT_TIME" NOT NULL ENABLE);
  ALTER TABLE "ITD2024"."TB_EXAMPLE" ADD CONSTRAINT "TB_EXAMPLE_PK" PRIMARY KEY ("EXID")
  USING INDEX PCTFREE 10 INITRANS 2 MAXTRANS 255 COMPUTE STATISTICS 
  STORAGE(INITIAL 65536 NEXT 1048576 MINEXTENTS 1 MAXEXTENTS 2147483645
  PCTINCREASE 0 FREELISTS 1 FREELIST GROUPS 1
  BUFFER_POOL DEFAULT FLASH_CACHE DEFAULT CELL_FLASH_CACHE DEFAULT)
  TABLESPACE "USERS"  ENABLE;
--------------------------------------------------------
--  Constraints for Table TB_PRODUCT
--------------------------------------------------------

  ALTER TABLE "ITD2024"."TB_PRODUCT" MODIFY ("PRID" NOT NULL ENABLE);
  ALTER TABLE "ITD2024"."TB_PRODUCT" MODIFY ("CODE" NOT NULL ENABLE);
  ALTER TABLE "ITD2024"."TB_PRODUCT" MODIFY ("GENDER" NOT NULL ENABLE);
  ALTER TABLE "ITD2024"."TB_PRODUCT" MODIFY ("INSERT_TIME" NOT NULL ENABLE);
  ALTER TABLE "ITD2024"."TB_PRODUCT" ADD CONSTRAINT "TB_PRODECT_PK" PRIMARY KEY ("PRID")
  USING INDEX PCTFREE 10 INITRANS 2 MAXTRANS 255 COMPUTE STATISTICS 
  STORAGE(INITIAL 65536 NEXT 1048576 MINEXTENTS 1 MAXEXTENTS 2147483645
  PCTINCREASE 0 FREELISTS 1 FREELIST GROUPS 1
  BUFFER_POOL DEFAULT FLASH_CACHE DEFAULT CELL_FLASH_CACHE DEFAULT)
  TABLESPACE "USERS"  ENABLE;
--------------------------------------------------------
--  Constraints for Table TB_MEMBER
--------------------------------------------------------

  ALTER TABLE "ITD2024"."TB_MEMBER" MODIFY ("PASSWORD" NOT NULL ENABLE);
  ALTER TABLE "ITD2024"."TB_MEMBER" MODIFY ("CODE_NAME" NOT NULL ENABLE);
  ALTER TABLE "ITD2024"."TB_MEMBER" MODIFY ("INSERT_TIME" NOT NULL ENABLE);
  ALTER TABLE "ITD2024"."TB_MEMBER" MODIFY ("EMAIL" NOT NULL ENABLE);
  ALTER TABLE "ITD2024"."TB_MEMBER" ADD CONSTRAINT "TB_MEMBER_PK" PRIMARY KEY ("EMAIL")
  USING INDEX PCTFREE 10 INITRANS 2 MAXTRANS 255 COMPUTE STATISTICS 
  STORAGE(INITIAL 65536 NEXT 1048576 MINEXTENTS 1 MAXEXTENTS 2147483645
  PCTINCREASE 0 FREELISTS 1 FREELIST GROUPS 1
  BUFFER_POOL DEFAULT FLASH_CACHE DEFAULT CELL_FLASH_CACHE DEFAULT)
  TABLESPACE "USERS"  ENABLE;
--------------------------------------------------------
--  Constraints for Table TB_INQUIRY
--------------------------------------------------------

  ALTER TABLE "ITD2024"."TB_INQUIRY" MODIFY ("IQID" NOT NULL ENABLE);
  ALTER TABLE "ITD2024"."TB_INQUIRY" MODIFY ("WRITER" NOT NULL ENABLE);
  ALTER TABLE "ITD2024"."TB_INQUIRY" MODIFY ("INSERT_TIME" NOT NULL ENABLE);
  ALTER TABLE "ITD2024"."TB_INQUIRY" ADD CONSTRAINT "TB_FAQ_PK" PRIMARY KEY ("IQID")
  USING INDEX PCTFREE 10 INITRANS 2 MAXTRANS 255 COMPUTE STATISTICS 
  STORAGE(INITIAL 65536 NEXT 1048576 MINEXTENTS 1 MAXEXTENTS 2147483645
  PCTINCREASE 0 FREELISTS 1 FREELIST GROUPS 1
  BUFFER_POOL DEFAULT FLASH_CACHE DEFAULT CELL_FLASH_CACHE DEFAULT)
  TABLESPACE "USERS"  ENABLE;
--------------------------------------------------------
--  Constraints for Table TB_REVIEW
--------------------------------------------------------

  ALTER TABLE "ITD2024"."TB_REVIEW" MODIFY ("RVID" NOT NULL ENABLE);
  ALTER TABLE "ITD2024"."TB_REVIEW" MODIFY ("PRID" NOT NULL ENABLE);
  ALTER TABLE "ITD2024"."TB_REVIEW" MODIFY ("WRITER" NOT NULL ENABLE);
  ALTER TABLE "ITD2024"."TB_REVIEW" MODIFY ("INSERT_TIME" NOT NULL ENABLE);
  ALTER TABLE "ITD2024"."TB_REVIEW" ADD CONSTRAINT "TB_REVIEW_PK" PRIMARY KEY ("RVID")
  USING INDEX PCTFREE 10 INITRANS 2 MAXTRANS 255 COMPUTE STATISTICS 
  STORAGE(INITIAL 65536 NEXT 1048576 MINEXTENTS 1 MAXEXTENTS 2147483645
  PCTINCREASE 0 FREELISTS 1 FREELIST GROUPS 1
  BUFFER_POOL DEFAULT FLASH_CACHE DEFAULT CELL_FLASH_CACHE DEFAULT)
  TABLESPACE "USERS"  ENABLE;
--------------------------------------------------------
--  Constraints for Table TB_PAYMENT
--------------------------------------------------------

  ALTER TABLE "ITD2024"."TB_PAYMENT" MODIFY ("PAID" NOT NULL ENABLE);
  ALTER TABLE "ITD2024"."TB_PAYMENT" MODIFY ("CODE" NOT NULL ENABLE);
  ALTER TABLE "ITD2024"."TB_PAYMENT" MODIFY ("PAY_TYPE" NOT NULL ENABLE);
  ALTER TABLE "ITD2024"."TB_PAYMENT" MODIFY ("TOTAL_PRICE" NOT NULL ENABLE);
  ALTER TABLE "ITD2024"."TB_PAYMENT" MODIFY ("EMAIL" NOT NULL ENABLE);
  ALTER TABLE "ITD2024"."TB_PAYMENT" MODIFY ("INSERT_TIME" NOT NULL ENABLE);
  ALTER TABLE "ITD2024"."TB_PAYMENT" ADD CONSTRAINT "TB_PAYMENT_PK" PRIMARY KEY ("PAID")
  USING INDEX PCTFREE 10 INITRANS 2 MAXTRANS 255 COMPUTE STATISTICS 
  STORAGE(INITIAL 65536 NEXT 1048576 MINEXTENTS 1 MAXEXTENTS 2147483645
  PCTINCREASE 0 FREELISTS 1 FREELIST GROUPS 1
  BUFFER_POOL DEFAULT FLASH_CACHE DEFAULT CELL_FLASH_CACHE DEFAULT)
  TABLESPACE "USERS"  ENABLE;
--------------------------------------------------------
--  Constraints for Table TB_ORDER
--------------------------------------------------------

  ALTER TABLE "ITD2024"."TB_ORDER" MODIFY ("ORID" NOT NULL ENABLE);
  ALTER TABLE "ITD2024"."TB_ORDER" MODIFY ("PRID" NOT NULL ENABLE);
  ALTER TABLE "ITD2024"."TB_ORDER" MODIFY ("SIID" NOT NULL ENABLE);
  ALTER TABLE "ITD2024"."TB_ORDER" MODIFY ("QUANTITY" NOT NULL ENABLE);
  ALTER TABLE "ITD2024"."TB_ORDER" MODIFY ("PAID" NOT NULL ENABLE);
  ALTER TABLE "ITD2024"."TB_ORDER" MODIFY ("EMAIL" NOT NULL ENABLE);
  ALTER TABLE "ITD2024"."TB_ORDER" MODIFY ("INSERT_TIME" NOT NULL ENABLE);
  ALTER TABLE "ITD2024"."TB_ORDER" ADD CONSTRAINT "TB_ORDER_PK" PRIMARY KEY ("ORID")
  USING INDEX PCTFREE 10 INITRANS 2 MAXTRANS 255 COMPUTE STATISTICS 
  STORAGE(INITIAL 65536 NEXT 1048576 MINEXTENTS 1 MAXEXTENTS 2147483645
  PCTINCREASE 0 FREELISTS 1 FREELIST GROUPS 1
  BUFFER_POOL DEFAULT FLASH_CACHE DEFAULT CELL_FLASH_CACHE DEFAULT)
  TABLESPACE "USERS"  ENABLE;
--------------------------------------------------------
--  Constraints for Table TB_NOTICE
--------------------------------------------------------

  ALTER TABLE "ITD2024"."TB_NOTICE" MODIFY ("NOID" NOT NULL ENABLE);
  ALTER TABLE "ITD2024"."TB_NOTICE" MODIFY ("WRITER" NOT NULL ENABLE);
  ALTER TABLE "ITD2024"."TB_NOTICE" MODIFY ("INSERT_TIME" NOT NULL ENABLE);
  ALTER TABLE "ITD2024"."TB_NOTICE" ADD CONSTRAINT "TB_NOTICE_PK" PRIMARY KEY ("NOID")
  USING INDEX PCTFREE 10 INITRANS 2 MAXTRANS 255 COMPUTE STATISTICS 
  STORAGE(INITIAL 65536 NEXT 1048576 MINEXTENTS 1 MAXEXTENTS 2147483645
  PCTINCREASE 0 FREELISTS 1 FREELIST GROUPS 1
  BUFFER_POOL DEFAULT FLASH_CACHE DEFAULT CELL_FLASH_CACHE DEFAULT)
  TABLESPACE "USERS"  ENABLE;
--------------------------------------------------------
--  Constraints for Table TB_CART
--------------------------------------------------------

  ALTER TABLE "ITD2024"."TB_CART" MODIFY ("CAID" NOT NULL ENABLE);
  ALTER TABLE "ITD2024"."TB_CART" MODIFY ("PRID" NOT NULL ENABLE);
  ALTER TABLE "ITD2024"."TB_CART" MODIFY ("SIID" NOT NULL ENABLE);
  ALTER TABLE "ITD2024"."TB_CART" MODIFY ("QUANTITY" NOT NULL ENABLE);
  ALTER TABLE "ITD2024"."TB_CART" MODIFY ("EMAIL" NOT NULL ENABLE);
  ALTER TABLE "ITD2024"."TB_CART" MODIFY ("INSERT_TIME" NOT NULL ENABLE);
  ALTER TABLE "ITD2024"."TB_CART" ADD CONSTRAINT "TB_CART_PK" PRIMARY KEY ("CAID")
  USING INDEX PCTFREE 10 INITRANS 2 MAXTRANS 255 COMPUTE STATISTICS 
  STORAGE(INITIAL 65536 NEXT 1048576 MINEXTENTS 1 MAXEXTENTS 2147483645
  PCTINCREASE 0 FREELISTS 1 FREELIST GROUPS 1
  BUFFER_POOL DEFAULT FLASH_CACHE DEFAULT CELL_FLASH_CACHE DEFAULT)
  TABLESPACE "USERS"  ENABLE;
--------------------------------------------------------
--  Constraints for Table TB_DELIVERY
--------------------------------------------------------

  ALTER TABLE "ITD2024"."TB_DELIVERY" MODIFY ("DEID" NOT NULL ENABLE);
  ALTER TABLE "ITD2024"."TB_DELIVERY" MODIFY ("CODE" NOT NULL ENABLE);
  ALTER TABLE "ITD2024"."TB_DELIVERY" MODIFY ("COURIER" NOT NULL ENABLE);
  ALTER TABLE "ITD2024"."TB_DELIVERY" MODIFY ("EMAIL" NOT NULL ENABLE);
  ALTER TABLE "ITD2024"."TB_DELIVERY" MODIFY ("ORDER_ADDRESS" NOT NULL ENABLE);
  ALTER TABLE "ITD2024"."TB_DELIVERY" MODIFY ("ORDER_ZIP_CODE" NOT NULL ENABLE);
  ALTER TABLE "ITD2024"."TB_DELIVERY" MODIFY ("CONSIGNEE_NAME" NOT NULL ENABLE);
  ALTER TABLE "ITD2024"."TB_DELIVERY" MODIFY ("CONSIGNEE_PHONE_NUMBER" NOT NULL ENABLE);
  ALTER TABLE "ITD2024"."TB_DELIVERY" MODIFY ("CONSIGNEE_ADDRESS" NOT NULL ENABLE);
  ALTER TABLE "ITD2024"."TB_DELIVERY" MODIFY ("CONSIGNEE_ZIP_CODE" NOT NULL ENABLE);
  ALTER TABLE "ITD2024"."TB_DELIVERY" MODIFY ("INSERT_TIME" NOT NULL ENABLE);
  ALTER TABLE "ITD2024"."TB_DELIVERY" ADD CONSTRAINT "TABLE1_PK" PRIMARY KEY ("DEID")
  USING INDEX PCTFREE 10 INITRANS 2 MAXTRANS 255 COMPUTE STATISTICS 
  STORAGE(INITIAL 65536 NEXT 1048576 MINEXTENTS 1 MAXEXTENTS 2147483645
  PCTINCREASE 0 FREELISTS 1 FREELIST GROUPS 1
  BUFFER_POOL DEFAULT FLASH_CACHE DEFAULT CELL_FLASH_CACHE DEFAULT)
  TABLESPACE "USERS"  ENABLE;
  ALTER TABLE "ITD2024"."TB_DELIVERY" MODIFY ("PAID" NOT NULL ENABLE);
  ALTER TABLE "ITD2024"."TB_DELIVERY" MODIFY ("STATE" NOT NULL ENABLE);
--------------------------------------------------------
--  Constraints for Table TB_SIZE
--------------------------------------------------------

  ALTER TABLE "ITD2024"."TB_SIZE" MODIFY ("SIID" NOT NULL ENABLE);
  ALTER TABLE "ITD2024"."TB_SIZE" MODIFY ("INSERT_TIME" NOT NULL ENABLE);
  ALTER TABLE "ITD2024"."TB_SIZE" ADD CONSTRAINT "TB_SIZE_PK" PRIMARY KEY ("SIID")
  USING INDEX PCTFREE 10 INITRANS 2 MAXTRANS 255 COMPUTE STATISTICS 
  STORAGE(INITIAL 65536 NEXT 1048576 MINEXTENTS 1 MAXEXTENTS 2147483645
  PCTINCREASE 0 FREELISTS 1 FREELIST GROUPS 1
  BUFFER_POOL DEFAULT FLASH_CACHE DEFAULT CELL_FLASH_CACHE DEFAULT)
  TABLESPACE "USERS"  ENABLE;
--------------------------------------------------------
--  Constraints for Table TB_FILE_DB
--------------------------------------------------------

  ALTER TABLE "ITD2024"."TB_FILE_DB" MODIFY ("UUID" NOT NULL ENABLE);
  ALTER TABLE "ITD2024"."TB_FILE_DB" ADD CONSTRAINT "TB_FILE_DB_PK" PRIMARY KEY ("UUID")
  USING INDEX PCTFREE 10 INITRANS 2 MAXTRANS 255 COMPUTE STATISTICS 
  STORAGE(INITIAL 65536 NEXT 1048576 MINEXTENTS 1 MAXEXTENTS 2147483645
  PCTINCREASE 0 FREELISTS 1 FREELIST GROUPS 1
  BUFFER_POOL DEFAULT FLASH_CACHE DEFAULT CELL_FLASH_CACHE DEFAULT)
  TABLESPACE "USERS"  ENABLE;
  ALTER TABLE "ITD2024"."TB_FILE_DB" MODIFY ("INSERT_TIME" NOT NULL ENABLE);
--------------------------------------------------------
--  Ref Constraints for Table TB_CART
--------------------------------------------------------

  ALTER TABLE "ITD2024"."TB_CART" ADD CONSTRAINT "CART_PRODUCT_FK" FOREIGN KEY ("PRID")
	  REFERENCES "ITD2024"."TB_PRODUCT" ("PRID") ON DELETE CASCADE ENABLE;
  ALTER TABLE "ITD2024"."TB_CART" ADD CONSTRAINT "CART_SIZE_FK" FOREIGN KEY ("SIID")
	  REFERENCES "ITD2024"."TB_SIZE" ("SIID") ON DELETE CASCADE ENABLE;
  ALTER TABLE "ITD2024"."TB_CART" ADD CONSTRAINT "CART_MEMBER_FK" FOREIGN KEY ("EMAIL")
	  REFERENCES "ITD2024"."TB_MEMBER" ("EMAIL") ON DELETE CASCADE ENABLE;
--------------------------------------------------------
--  Ref Constraints for Table TB_DELIVERY
--------------------------------------------------------

  ALTER TABLE "ITD2024"."TB_DELIVERY" ADD CONSTRAINT "DELIVERY_MEMBER_FK" FOREIGN KEY ("EMAIL")
	  REFERENCES "ITD2024"."TB_MEMBER" ("EMAIL") ON DELETE CASCADE ENABLE;
  ALTER TABLE "ITD2024"."TB_DELIVERY" ADD CONSTRAINT "DELIVERY_PAYMENT_FK" FOREIGN KEY ("PAID")
	  REFERENCES "ITD2024"."TB_PAYMENT" ("PAID") ON DELETE CASCADE ENABLE;
--------------------------------------------------------
--  Ref Constraints for Table TB_FILE_DB
--------------------------------------------------------

  ALTER TABLE "ITD2024"."TB_FILE_DB" ADD CONSTRAINT "FILE_DB_PRODUCT_FK" FOREIGN KEY ("PRID")
	  REFERENCES "ITD2024"."TB_PRODUCT" ("PRID") ON DELETE CASCADE ENABLE;
--------------------------------------------------------
--  Ref Constraints for Table TB_INQUIRY
--------------------------------------------------------

  ALTER TABLE "ITD2024"."TB_INQUIRY" ADD CONSTRAINT "INQUIRY_MEMBER_FK" FOREIGN KEY ("WRITER")
	  REFERENCES "ITD2024"."TB_MEMBER" ("EMAIL") ON DELETE CASCADE ENABLE;
  ALTER TABLE "ITD2024"."TB_INQUIRY" ADD CONSTRAINT "INQUIRY_INQUIRY_FK" FOREIGN KEY ("REID")
	  REFERENCES "ITD2024"."TB_INQUIRY" ("IQID") ON DELETE CASCADE ENABLE;
--------------------------------------------------------
--  Ref Constraints for Table TB_INVENTORY
--------------------------------------------------------

  ALTER TABLE "ITD2024"."TB_INVENTORY" ADD CONSTRAINT "INVENTORY_SIZE_FK" FOREIGN KEY ("SIID")
	  REFERENCES "ITD2024"."TB_SIZE" ("SIID") ON DELETE CASCADE ENABLE;
  ALTER TABLE "ITD2024"."TB_INVENTORY" ADD CONSTRAINT "INVENTORY_PRODUCT_FK" FOREIGN KEY ("PRID")
	  REFERENCES "ITD2024"."TB_PRODUCT" ("PRID") ON DELETE CASCADE ENABLE;
--------------------------------------------------------
--  Ref Constraints for Table TB_NOTICE
--------------------------------------------------------

  ALTER TABLE "ITD2024"."TB_NOTICE" ADD CONSTRAINT "NOTICE_MEMBER_FK" FOREIGN KEY ("WRITER")
	  REFERENCES "ITD2024"."TB_MEMBER" ("EMAIL") ON DELETE CASCADE ENABLE;
--------------------------------------------------------
--  Ref Constraints for Table TB_ORDER
--------------------------------------------------------

  ALTER TABLE "ITD2024"."TB_ORDER" ADD CONSTRAINT "ORDER_PRODUCT_FK" FOREIGN KEY ("PRID")
	  REFERENCES "ITD2024"."TB_PRODUCT" ("PRID") ON DELETE CASCADE ENABLE;
  ALTER TABLE "ITD2024"."TB_ORDER" ADD CONSTRAINT "ORDER_SIZE_FK" FOREIGN KEY ("SIID")
	  REFERENCES "ITD2024"."TB_SIZE" ("SIID") ON DELETE CASCADE ENABLE;
  ALTER TABLE "ITD2024"."TB_ORDER" ADD CONSTRAINT "ORDER_MEMBER_FK" FOREIGN KEY ("EMAIL")
	  REFERENCES "ITD2024"."TB_MEMBER" ("EMAIL") ON DELETE CASCADE ENABLE;
  ALTER TABLE "ITD2024"."TB_ORDER" ADD CONSTRAINT "ORDER_PAYMENT_FK" FOREIGN KEY ("PAID")
	  REFERENCES "ITD2024"."TB_PAYMENT" ("PAID") ON DELETE CASCADE ENABLE;
--------------------------------------------------------
--  Ref Constraints for Table TB_PAYMENT
--------------------------------------------------------

  ALTER TABLE "ITD2024"."TB_PAYMENT" ADD CONSTRAINT "PAYMENT_MEMBER_FK" FOREIGN KEY ("EMAIL")
	  REFERENCES "ITD2024"."TB_MEMBER" ("EMAIL") ON DELETE CASCADE ENABLE;
--------------------------------------------------------
--  Ref Constraints for Table TB_REVIEW
--------------------------------------------------------

  ALTER TABLE "ITD2024"."TB_REVIEW" ADD CONSTRAINT "REVIEW_PRODUCT_FK" FOREIGN KEY ("PRID")
	  REFERENCES "ITD2024"."TB_PRODUCT" ("PRID") ON DELETE CASCADE ENABLE;
  ALTER TABLE "ITD2024"."TB_REVIEW" ADD CONSTRAINT "REVIEW_MEMBER_FK" FOREIGN KEY ("WRITER")
	  REFERENCES "ITD2024"."TB_MEMBER" ("EMAIL") ON DELETE CASCADE ENABLE;
