<?xml version="1.0" encoding="UTF-8"?>
<!DOCTYPE mapper PUBLIC "-//mybatis.org//DTD Mapper 3.0//EN" "http://mybatis.org/dtd/mybatis-3-mapper.dtd">

<mapper namespace="com.itn2024.projectb.mapper.basic.ReviewMapper">
	<!-- 전체 조회 : -->
	<select id="selectReviewList"
			parameterType="Criteria"
			resultType="Review">
		SELECT * FROM TB_REVIEW
		WHERE PRID LIKE '%'|| #{searchKeyword} ||'%'
		OFFSET #{pageIndex} * #{recordCountPerPage} ROWS
			FETCH NEXT #{recordCountPerPage} ROWS ONLY
	</select>
<!--	public int selectEmpListTotCnt(Criteria searchVO);-->
	<select id="selectReviewListTotCnt"
			parameterType="Criteria"
			resultType="int">
		SELECT COUNT (*) FROM TB_REVIEW
		WHERE PRID LIKE '%'|| #{searchKeyword} ||'%'


	</select>


	<!--    public int insert(Dept dept);-->
	<insert id="insert"
			parameterType="Review">
        INSERT INTO TB_REVIEW(
                              RVID,
                              PRID,
							  CONTENTS,
							  WRITER
                              )

        VALUES ('RV' || LPAD(TO_CHAR(REVIEW_SEQ.NEXTVAL),5,'0'),
                #{prid},
                #{contents},
                #{writer}
                )
    </insert>

	<select id="selectReview"
			parameterType="String"
			resultType="Review">
		SELECT * FROM TB_REVIEW
		WHERE RVID = #{rvid}
	</select>

	<update id="update"
			parameterType="Review">
		UPDATE TB_REVIEW
		SET PRID = #{prid},
			CONTENTS = #{contents},
			WRITER = #{writer}

		WHERE RVID = #{rvid}
	</update>

	<delete id="delete"
			parameterType="String">
		DELETE FROM TB_REVIEW
		WHERE RVID = #{rvid}
	</delete>




</mapper>