--------------------------------------------------------
--  파일이 생성됨 - 금요일-12월-06-2024   
--------------------------------------------------------
DROP SEQUENCE "ITD2024"."CART_SEQ";
DROP SEQUENCE "ITD2024"."DELIVERY_SEQ";
DROP SEQUENCE "ITD2024"."EXAMPLE_SEQ";
DROP SEQUENCE "ITD2024"."INQUIRY_SEQ";
DROP SEQUENCE "ITD2024"."INVENTORY_SEQ";
DROP SEQUENCE "ITD2024"."NOTICE_SEQ";
DROP SEQUENCE "ITD2024"."ORDER_SEQ";
DROP SEQUENCE "ITD2024"."PAYMENT_SEQ";
DROP SEQUENCE "ITD2024"."PRODUCT_SEQ";
DROP SEQUENCE "ITD2024"."REVIEW_SEQ";
DROP TABLE "ITD2024"."TB_CART";
DROP TABLE "ITD2024"."TB_DELIVERY";
DROP TABLE "ITD2024"."TB_EXAMPLE";
DROP TABLE "ITD2024"."TB_FILE_DB";
DROP TABLE "ITD2024"."TB_INQUIRY";
DROP TABLE "ITD2024"."TB_INVENTORY";
DROP TABLE "ITD2024"."TB_MEMBER";
DROP TABLE "ITD2024"."TB_NOTICE";
DROP TABLE "ITD2024"."TB_ORDER";
DROP TABLE "ITD2024"."TB_PAYMENT";
DROP TABLE "ITD2024"."TB_PRODUCT";
DROP TABLE "ITD2024"."TB_REVIEW";
DROP TABLE "ITD2024"."TB_SIZE";
--------------------------------------------------------
--  DDL for Sequence CART_SEQ
--------------------------------------------------------

   CREATE SEQUENCE  "ITD2024"."CART_SEQ"  MINVALUE 1 MAXVALUE 9999 INCREMENT BY 1 START WITH 2 NOCACHE  NOORDER  NOCYCLE  NOKEEP  NOSCALE  GLOBAL ;
--------------------------------------------------------
--  DDL for Sequence DELIVERY_SEQ
--------------------------------------------------------

   CREATE SEQUENCE  "ITD2024"."DELIVERY_SEQ"  MINVALUE 1 MAXVALUE 9999 INCREMENT BY 1 START WITH 3 NOCACHE  NOORDER  NOCYCLE  NOKEEP  NOSCALE  GLOBAL ;
--------------------------------------------------------
--  DDL for Sequence EXAMPLE_SEQ
--------------------------------------------------------

   CREATE SEQUENCE  "ITD2024"."EXAMPLE_SEQ"  MINVALUE 1 MAXVALUE 9999 INCREMENT BY 1 START WITH 8 NOCACHE  NOORDER  NOCYCLE  NOKEEP  NOSCALE  GLOBAL ;
--------------------------------------------------------
--  DDL for Sequence INQUIRY_SEQ
--------------------------------------------------------

   CREATE SEQUENCE  "ITD2024"."INQUIRY_SEQ"  MINVALUE 1 MAXVALUE 9999 INCREMENT BY 1 START WITH 23 NOCACHE  NOORDER  NOCYCLE  NOKEEP  NOSCALE  GLOBAL ;
--------------------------------------------------------
--  DDL for Sequence INVENTORY_SEQ
--------------------------------------------------------

   CREATE SEQUENCE  "ITD2024"."INVENTORY_SEQ"  MINVALUE 1 MAXVALUE 9999 INCREMENT BY 1 START WITH 1 NOCACHE  NOORDER  NOCYCLE  NOKEEP  NOSCALE  GLOBAL ;
--------------------------------------------------------
--  DDL for Sequence NOTICE_SEQ
--------------------------------------------------------

   CREATE SEQUENCE  "ITD2024"."NOTICE_SEQ"  MINVALUE 1 MAXVALUE 9999 INCREMENT BY 1 START WITH 70 NOCACHE  NOORDER  NOCYCLE  NOKEEP  NOSCALE  GLOBAL ;
--------------------------------------------------------
--  DDL for Sequence ORDER_SEQ
--------------------------------------------------------

   CREATE SEQUENCE  "ITD2024"."ORDER_SEQ"  MINVALUE 1 MAXVALUE 9999 INCREMENT BY 1 START WITH 22 NOCACHE  NOORDER  NOCYCLE  NOKEEP  NOSCALE  GLOBAL ;
--------------------------------------------------------
--  DDL for Sequence PAYMENT_SEQ
--------------------------------------------------------

   CREATE SEQUENCE  "ITD2024"."PAYMENT_SEQ"  MINVALUE 1 MAXVALUE 9999 INCREMENT BY 1 START WITH 7 NOCACHE  NOORDER  NOCYCLE  NOKEEP  NOSCALE  GLOBAL ;
--------------------------------------------------------
--  DDL for Sequence PRODUCT_SEQ
--------------------------------------------------------

   CREATE SEQUENCE  "ITD2024"."PRODUCT_SEQ"  MINVALUE 1 MAXVALUE 9999 INCREMENT BY 1 START WITH 59 NOCACHE  NOORDER  NOCYCLE  NOKEEP  NOSCALE  GLOBAL ;
--------------------------------------------------------
--  DDL for Sequence REVIEW_SEQ
--------------------------------------------------------

   CREATE SEQUENCE  "ITD2024"."REVIEW_SEQ"  MINVALUE 1 MAXVALUE 9999 INCREMENT BY 1 START WITH 9 NOCACHE  NOORDER  NOCYCLE  NOKEEP  NOSCALE  GLOBAL ;
--------------------------------------------------------
--  DDL for Table TB_CART
--------------------------------------------------------

  CREATE TABLE "ITD2024"."TB_CART" 
   (	"CAID" VARCHAR2(100 BYTE), 
	"PRID" VARCHAR2(100 BYTE), 
	"SIID" VARCHAR2(100 BYTE), 
	"COLOR" VARCHAR2(100 BYTE), 
	"QUANTITY" NUMBER(30,0) DEFAULT 0, 
	"EMAIL" VARCHAR2(100 BYTE), 
	"INSERT_TIME" VARCHAR2(100 BYTE) DEFAULT TO_CHAR(SYSDATE,'YYYY/MM/DD HH24:MI:SS'), 
	"UPDATE_TIME" VARCHAR2(100 BYTE) DEFAULT NULL
   ) SEGMENT CREATION IMMEDIATE 
  PCTFREE 10 PCTUSED 40 INITRANS 1 MAXTRANS 255 
 NOCOMPRESS LOGGING
  STORAGE(INITIAL 65536 NEXT 1048576 MINEXTENTS 1 MAXEXTENTS 2147483645
  PCTINCREASE 0 FREELISTS 1 FREELIST GROUPS 1
  BUFFER_POOL DEFAULT FLASH_CACHE DEFAULT CELL_FLASH_CACHE DEFAULT)
  TABLESPACE "USERS" ;

   COMMENT ON COLUMN "ITD2024"."TB_CART"."CAID" IS '고유ID';
   COMMENT ON COLUMN "ITD2024"."TB_CART"."PRID" IS '상품ID';
   COMMENT ON COLUMN "ITD2024"."TB_CART"."SIID" IS '사이즈ID';
   COMMENT ON COLUMN "ITD2024"."TB_CART"."COLOR" IS '색깔';
   COMMENT ON COLUMN "ITD2024"."TB_CART"."QUANTITY" IS '개수';
   COMMENT ON COLUMN "ITD2024"."TB_CART"."EMAIL" IS '이메일ID';
   COMMENT ON COLUMN "ITD2024"."TB_CART"."INSERT_TIME" IS '등록날짜';
   COMMENT ON COLUMN "ITD2024"."TB_CART"."UPDATE_TIME" IS '수정날짜';
--------------------------------------------------------
--  DDL for Table TB_DELIVERY
--------------------------------------------------------

  CREATE TABLE "ITD2024"."TB_DELIVERY" 
   (	"DEID" VARCHAR2(100 BYTE), 
	"CODE" VARCHAR2(100 BYTE), 
	"COURIER" VARCHAR2(100 BYTE) DEFAULT 'CJ택배', 
	"STATE" VARCHAR2(100 BYTE) DEFAULT '주문완료', 
	"EMAIL" VARCHAR2(100 BYTE), 
	"ORDER_ADDRESS" VARCHAR2(1000 BYTE), 
	"ORDER_ZIP_CODE" VARCHAR2(100 BYTE), 
	"CONSIGNEE_NAME" VARCHAR2(100 BYTE), 
	"CONSIGNEE_PHONE_NUMBER" VARCHAR2(100 BYTE), 
	"CONSIGNEE_ADDRESS" VARCHAR2(1000 BYTE), 
	"CONSIGNEE_ZIP_CODE" VARCHAR2(100 BYTE), 
	"PAID" VARCHAR2(100 BYTE), 
	"INSERT_TIME" VARCHAR2(100 BYTE) DEFAULT TO_CHAR(SYSDATE,'YYYY/MM/DD HH24:MI:SS'), 
	"DELETE_TIME" VARCHAR2(100 BYTE) DEFAULT NULL
   ) SEGMENT CREATION IMMEDIATE 
  PCTFREE 10 PCTUSED 40 INITRANS 1 MAXTRANS 255 
 NOCOMPRESS LOGGING
  STORAGE(INITIAL 65536 NEXT 1048576 MINEXTENTS 1 MAXEXTENTS 2147483645
  PCTINCREASE 0 FREELISTS 1 FREELIST GROUPS 1
  BUFFER_POOL DEFAULT FLASH_CACHE DEFAULT CELL_FLASH_CACHE DEFAULT)
  TABLESPACE "USERS" ;

   COMMENT ON COLUMN "ITD2024"."TB_DELIVERY"."DEID" IS '고유ID';
   COMMENT ON COLUMN "ITD2024"."TB_DELIVERY"."CODE" IS '배송코드';
   COMMENT ON COLUMN "ITD2024"."TB_DELIVERY"."COURIER" IS '택배사';
   COMMENT ON COLUMN "ITD2024"."TB_DELIVERY"."STATE" IS '배송상태';
   COMMENT ON COLUMN "ITD2024"."TB_DELIVERY"."EMAIL" IS '이메일ID';
   COMMENT ON COLUMN "ITD2024"."TB_DELIVERY"."ORDER_ADDRESS" IS '주문자주소';
   COMMENT ON COLUMN "ITD2024"."TB_DELIVERY"."ORDER_ZIP_CODE" IS '주문자우편번호';
   COMMENT ON COLUMN "ITD2024"."TB_DELIVERY"."CONSIGNEE_NAME" IS '수취인이름';
   COMMENT ON COLUMN "ITD2024"."TB_DELIVERY"."CONSIGNEE_PHONE_NUMBER" IS '수취인전화번호';
   COMMENT ON COLUMN "ITD2024"."TB_DELIVERY"."CONSIGNEE_ADDRESS" IS '수취인주소';
   COMMENT ON COLUMN "ITD2024"."TB_DELIVERY"."CONSIGNEE_ZIP_CODE" IS '수취인우편번호';
   COMMENT ON COLUMN "ITD2024"."TB_DELIVERY"."INSERT_TIME" IS '등록날짜';
   COMMENT ON COLUMN "ITD2024"."TB_DELIVERY"."DELETE_TIME" IS '취소날짜';
   COMMENT ON COLUMN "ITD2024"."TB_DELIVERY"."PAID" IS '결제ID';
--------------------------------------------------------
--  DDL for Table TB_EXAMPLE
--------------------------------------------------------

  CREATE TABLE "ITD2024"."TB_EXAMPLE" 
   (	"EXID" VARCHAR2(100 BYTE), 
	"TITLE" VARCHAR2(500 BYTE), 
	"CONTENTS" VARCHAR2(3000 BYTE) DEFAULT NULL, 
	"INSERT_TIME" VARCHAR2(100 BYTE) DEFAULT TO_CHAR(SYSDATE,'YYYY/MM/DD HH24:MI:SS'), 
	"UPDATE_TIME" VARCHAR2(100 BYTE) DEFAULT NULL
   ) SEGMENT CREATION IMMEDIATE 
  PCTFREE 10 PCTUSED 40 INITRANS 1 MAXTRANS 255 
 NOCOMPRESS LOGGING
  STORAGE(INITIAL 65536 NEXT 1048576 MINEXTENTS 1 MAXEXTENTS 2147483645
  PCTINCREASE 0 FREELISTS 1 FREELIST GROUPS 1
  BUFFER_POOL DEFAULT FLASH_CACHE DEFAULT CELL_FLASH_CACHE DEFAULT)
  TABLESPACE "USERS" ;

   COMMENT ON COLUMN "ITD2024"."TB_EXAMPLE"."EXID" IS '고유ID';
   COMMENT ON COLUMN "ITD2024"."TB_EXAMPLE"."TITLE" IS '제목';
   COMMENT ON COLUMN "ITD2024"."TB_EXAMPLE"."CONTENTS" IS '작성내용';
   COMMENT ON COLUMN "ITD2024"."TB_EXAMPLE"."INSERT_TIME" IS '등록날짜';
   COMMENT ON COLUMN "ITD2024"."TB_EXAMPLE"."UPDATE_TIME" IS '수정날짜';
--------------------------------------------------------
--  DDL for Table TB_FILE_DB
--------------------------------------------------------

  CREATE TABLE "ITD2024"."TB_FILE_DB" 
   (	"UUID" VARCHAR2(1000 BYTE), 
	"PRID" VARCHAR2(20 BYTE), 
	"FILE_DATA" BLOB, 
	"FILE_URL" VARCHAR2(1000 BYTE), 
	"INSERT_TIME" VARCHAR2(100 BYTE) DEFAULT TO_CHAR(SYSDATE,'YYYY/MM/DD HH24:MI:SS'), 
	"UPDATE_TIME" VARCHAR2(100 BYTE)
   ) SEGMENT CREATION DEFERRED 
  PCTFREE 10 PCTUSED 40 INITRANS 1 MAXTRANS 255 
 NOCOMPRESS LOGGING
  TABLESPACE "USERS" 
 LOB ("FILE_DATA") STORE AS SECUREFILE (
  TABLESPACE "USERS" ENABLE STORAGE IN ROW CHUNK 8192
  NOCACHE LOGGING  NOCOMPRESS  KEEP_DUPLICATES ) ;

   COMMENT ON COLUMN "ITD2024"."TB_FILE_DB"."UUID" IS '고유ID';
   COMMENT ON COLUMN "ITD2024"."TB_FILE_DB"."PRID" IS '상품ID';
   COMMENT ON COLUMN "ITD2024"."TB_FILE_DB"."FILE_DATA" IS '파일데이터';
   COMMENT ON COLUMN "ITD2024"."TB_FILE_DB"."FILE_URL" IS '파일주소';
   COMMENT ON COLUMN "ITD2024"."TB_FILE_DB"."INSERT_TIME" IS '등록날짜';
   COMMENT ON COLUMN "ITD2024"."TB_FILE_DB"."UPDATE_TIME" IS '수정날짜';
--------------------------------------------------------
--  DDL for Table TB_INQUIRY
--------------------------------------------------------

  CREATE TABLE "ITD2024"."TB_INQUIRY" 
   (	"IQID" VARCHAR2(100 BYTE), 
	"TITLE" VARCHAR2(1000 BYTE) DEFAULT NULL, 
	"CONTENTS" VARCHAR2(3000 BYTE) DEFAULT NULL, 
	"WRITER" VARCHAR2(100 BYTE), 
	"REID" VARCHAR2(100 BYTE) DEFAULT NULL, 
	"ANWSER" VARCHAR2(1 BYTE) DEFAULT 'N', 
	"INSERT_TIME" VARCHAR2(100 BYTE) DEFAULT TO_CHAR(SYSDATE,'YYYY/MM/DD HH24:MI:SS'), 
	"UPDATE_TIME" VARCHAR2(100 BYTE) DEFAULT NULL
   ) SEGMENT CREATION IMMEDIATE 
  PCTFREE 10 PCTUSED 40 INITRANS 1 MAXTRANS 255 
 NOCOMPRESS LOGGING
  STORAGE(INITIAL 65536 NEXT 1048576 MINEXTENTS 1 MAXEXTENTS 2147483645
  PCTINCREASE 0 FREELISTS 1 FREELIST GROUPS 1
  BUFFER_POOL DEFAULT FLASH_CACHE DEFAULT CELL_FLASH_CACHE DEFAULT)
  TABLESPACE "USERS" ;

   COMMENT ON COLUMN "ITD2024"."TB_INQUIRY"."IQID" IS '고유ID';
   COMMENT ON COLUMN "ITD2024"."TB_INQUIRY"."CONTENTS" IS '내용';
   COMMENT ON COLUMN "ITD2024"."TB_INQUIRY"."WRITER" IS '작성자';
   COMMENT ON COLUMN "ITD2024"."TB_INQUIRY"."REID" IS '문의ID';
   COMMENT ON COLUMN "ITD2024"."TB_INQUIRY"."INSERT_TIME" IS '등록날짜';
   COMMENT ON COLUMN "ITD2024"."TB_INQUIRY"."UPDATE_TIME" IS '수정날짜';
   COMMENT ON COLUMN "ITD2024"."TB_INQUIRY"."TITLE" IS '제목';
   COMMENT ON COLUMN "ITD2024"."TB_INQUIRY"."ANWSER" IS '답변여부';
--------------------------------------------------------
--  DDL for Table TB_INVENTORY
--------------------------------------------------------

  CREATE TABLE "ITD2024"."TB_INVENTORY" 
   (	"INID" VARCHAR2(100 BYTE), 
	"PRID" VARCHAR2(100 BYTE), 
	"SIID" VARCHAR2(100 BYTE), 
	"COLOR" VARCHAR2(100 BYTE), 
	"QUANTITY" NUMBER(30,0) DEFAULT 0, 
	"INSERT_TIME" VARCHAR2(100 BYTE) DEFAULT TO_CHAR(SYSDATE,'YYYY/MM/DD HH24:MI:SS'), 
	"UPDATE_TIME" VARCHAR2(100 BYTE) DEFAULT NULL
   ) SEGMENT CREATION DEFERRED 
  PCTFREE 10 PCTUSED 40 INITRANS 1 MAXTRANS 255 
 NOCOMPRESS LOGGING
  TABLESPACE "USERS" ;

   COMMENT ON COLUMN "ITD2024"."TB_INVENTORY"."INID" IS '고유ID';
   COMMENT ON COLUMN "ITD2024"."TB_INVENTORY"."PRID" IS '상품ID';
   COMMENT ON COLUMN "ITD2024"."TB_INVENTORY"."SIID" IS '사이즈ID';
   COMMENT ON COLUMN "ITD2024"."TB_INVENTORY"."COLOR" IS '색깔';
   COMMENT ON COLUMN "ITD2024"."TB_INVENTORY"."QUANTITY" IS '개수';
   COMMENT ON COLUMN "ITD2024"."TB_INVENTORY"."INSERT_TIME" IS '등록날짜';
   COMMENT ON COLUMN "ITD2024"."TB_INVENTORY"."UPDATE_TIME" IS '수정날짜';
--------------------------------------------------------
--  DDL for Table TB_MEMBER
--------------------------------------------------------

  CREATE TABLE "ITD2024"."TB_MEMBER" 
   (	"EMAIL" VARCHAR2(100 BYTE), 
	"PASSWORD" VARCHAR2(1000 BYTE), 
	"NAME" VARCHAR2(100 BYTE), 
	"PHONE_NUMBER" VARCHAR2(100 BYTE), 
	"CODE_NAME" VARCHAR2(100 BYTE) DEFAULT 'ROLE_USER', 
	"INSERT_TIME" VARCHAR2(100 BYTE) DEFAULT TO_CHAR(SYSDATE,'YYYY/MM/DD HH24:MI:SS'), 
	"UPDATE_TIME" VARCHAR2(100 BYTE) DEFAULT NULL
   ) SEGMENT CREATION IMMEDIATE 
  PCTFREE 10 PCTUSED 40 INITRANS 1 MAXTRANS 255 
 NOCOMPRESS LOGGING
  STORAGE(INITIAL 65536 NEXT 1048576 MINEXTENTS 1 MAXEXTENTS 2147483645
  PCTINCREASE 0 FREELISTS 1 FREELIST GROUPS 1
  BUFFER_POOL DEFAULT FLASH_CACHE DEFAULT CELL_FLASH_CACHE DEFAULT)
  TABLESPACE "USERS" ;

   COMMENT ON COLUMN "ITD2024"."TB_MEMBER"."EMAIL" IS '이메일';
   COMMENT ON COLUMN "ITD2024"."TB_MEMBER"."PASSWORD" IS '비밀번호';
   COMMENT ON COLUMN "ITD2024"."TB_MEMBER"."NAME" IS '이름';
   COMMENT ON COLUMN "ITD2024"."TB_MEMBER"."PHONE_NUMBER" IS '전화번호';
   COMMENT ON COLUMN "ITD2024"."TB_MEMBER"."CODE_NAME" IS '등급';
   COMMENT ON COLUMN "ITD2024"."TB_MEMBER"."INSERT_TIME" IS '등록날짜';
   COMMENT ON COLUMN "ITD2024"."TB_MEMBER"."UPDATE_TIME" IS '수정날짜';
--------------------------------------------------------
--  DDL for Table TB_NOTICE
--------------------------------------------------------

  CREATE TABLE "ITD2024"."TB_NOTICE" 
   (	"NOID" VARCHAR2(100 BYTE), 
	"UUID" VARCHAR2(1000 BYTE), 
	"TITLE" VARCHAR2(1000 BYTE), 
	"CONTENTS" VARCHAR2(3000 BYTE) DEFAULT NULL, 
	"IMAGE_URL" VARCHAR2(1000 BYTE) DEFAULT NULL, 
	"FILE_DATA" BLOB DEFAULT NULL, 
	"WRITER" VARCHAR2(100 BYTE), 
	"INSERT_TIME" VARCHAR2(100 BYTE) DEFAULT TO_CHAR(SYSDATE,'YYYY/MM/DD HH24:MI:SS'), 
	"UPDATE_TIME" VARCHAR2(100 BYTE) DEFAULT NULL
   ) SEGMENT CREATION IMMEDIATE 
  PCTFREE 10 PCTUSED 40 INITRANS 1 MAXTRANS 255 
 NOCOMPRESS LOGGING
  STORAGE(INITIAL 65536 NEXT 1048576 MINEXTENTS 1 MAXEXTENTS 2147483645
  PCTINCREASE 0 FREELISTS 1 FREELIST GROUPS 1
  BUFFER_POOL DEFAULT FLASH_CACHE DEFAULT CELL_FLASH_CACHE DEFAULT)
  TABLESPACE "USERS" 
 LOB ("FILE_DATA") STORE AS SECUREFILE (
  TABLESPACE "USERS" ENABLE STORAGE IN ROW CHUNK 8192
  NOCACHE LOGGING  NOCOMPRESS  KEEP_DUPLICATES 
  STORAGE(INITIAL 106496 NEXT 1048576 MINEXTENTS 1 MAXEXTENTS 2147483645
  PCTINCREASE 0
  BUFFER_POOL DEFAULT FLASH_CACHE DEFAULT CELL_FLASH_CACHE DEFAULT)) ;

   COMMENT ON COLUMN "ITD2024"."TB_NOTICE"."NOID" IS '고유ID';
   COMMENT ON COLUMN "ITD2024"."TB_NOTICE"."TITLE" IS '제목';
   COMMENT ON COLUMN "ITD2024"."TB_NOTICE"."CONTENTS" IS '내용';
   COMMENT ON COLUMN "ITD2024"."TB_NOTICE"."IMAGE_URL" IS '이미지';
   COMMENT ON COLUMN "ITD2024"."TB_NOTICE"."WRITER" IS '작성자';
   COMMENT ON COLUMN "ITD2024"."TB_NOTICE"."INSERT_TIME" IS '등록날짜';
   COMMENT ON COLUMN "ITD2024"."TB_NOTICE"."UPDATE_TIME" IS '수정날짜';
   COMMENT ON COLUMN "ITD2024"."TB_NOTICE"."FILE_DATA" IS '파일데이터';
   COMMENT ON COLUMN "ITD2024"."TB_NOTICE"."UUID" IS '유일ID';
--------------------------------------------------------
--  DDL for Table TB_ORDER
--------------------------------------------------------

  CREATE TABLE "ITD2024"."TB_ORDER" 
   (	"ORID" VARCHAR2(100 BYTE), 
	"PRID" VARCHAR2(100 BYTE), 
	"SIID" VARCHAR2(100 BYTE), 
	"COLOR" VARCHAR2(100 BYTE), 
	"QUANTITY" NUMBER(30,0) DEFAULT 0, 
	"PAID" VARCHAR2(100 BYTE), 
	"EMAIL" VARCHAR2(100 BYTE), 
	"INSERT_TIME" VARCHAR2(100 BYTE) DEFAULT TO_CHAR(SYSDATE,'YYYY/MM/DD HH24:MI:SS'), 
	"DELETE_TIME" VARCHAR2(100 BYTE) DEFAULT NULL
   ) SEGMENT CREATION IMMEDIATE 
  PCTFREE 10 PCTUSED 40 INITRANS 1 MAXTRANS 255 
 NOCOMPRESS LOGGING
  STORAGE(INITIAL 65536 NEXT 1048576 MINEXTENTS 1 MAXEXTENTS 2147483645
  PCTINCREASE 0 FREELISTS 1 FREELIST GROUPS 1
  BUFFER_POOL DEFAULT FLASH_CACHE DEFAULT CELL_FLASH_CACHE DEFAULT)
  TABLESPACE "USERS" ;

   COMMENT ON COLUMN "ITD2024"."TB_ORDER"."ORID" IS '고유ID';
   COMMENT ON COLUMN "ITD2024"."TB_ORDER"."PRID" IS '상품ID';
   COMMENT ON COLUMN "ITD2024"."TB_ORDER"."SIID" IS '사이즈ID';
   COMMENT ON COLUMN "ITD2024"."TB_ORDER"."COLOR" IS '색깔';
   COMMENT ON COLUMN "ITD2024"."TB_ORDER"."QUANTITY" IS '개수';
   COMMENT ON COLUMN "ITD2024"."TB_ORDER"."PAID" IS '결제ID';
   COMMENT ON COLUMN "ITD2024"."TB_ORDER"."EMAIL" IS '이메일ID';
   COMMENT ON COLUMN "ITD2024"."TB_ORDER"."INSERT_TIME" IS '등록날짜';
   COMMENT ON COLUMN "ITD2024"."TB_ORDER"."DELETE_TIME" IS '취소날짜';
--------------------------------------------------------
--  DDL for Table TB_PAYMENT
--------------------------------------------------------

  CREATE TABLE "ITD2024"."TB_PAYMENT" 
   (	"PAID" VARCHAR2(100 BYTE), 
	"CODE" VARCHAR2(100 BYTE), 
	"PAY_TYPE" VARCHAR2(100 BYTE), 
	"TOTAL_PRICE" NUMBER(30,0), 
	"EMAIL" VARCHAR2(100 BYTE), 
	"INSERT_TIME" VARCHAR2(100 BYTE) DEFAULT TO_CHAR(SYSDATE,'YYYY/MM/DD HH24:MI:SS'), 
	"DELETE_TIME" VARCHAR2(100 BYTE) DEFAULT NULL
   ) SEGMENT CREATION IMMEDIATE 
  PCTFREE 10 PCTUSED 40 INITRANS 1 MAXTRANS 255 
 NOCOMPRESS LOGGING
  STORAGE(INITIAL 65536 NEXT 1048576 MINEXTENTS 1 MAXEXTENTS 2147483645
  PCTINCREASE 0 FREELISTS 1 FREELIST GROUPS 1
  BUFFER_POOL DEFAULT FLASH_CACHE DEFAULT CELL_FLASH_CACHE DEFAULT)
  TABLESPACE "USERS" ;

   COMMENT ON COLUMN "ITD2024"."TB_PAYMENT"."PAID" IS '고유ID';
   COMMENT ON COLUMN "ITD2024"."TB_PAYMENT"."CODE" IS '결제코드';
   COMMENT ON COLUMN "ITD2024"."TB_PAYMENT"."PAY_TYPE" IS '결제방식';
   COMMENT ON COLUMN "ITD2024"."TB_PAYMENT"."TOTAL_PRICE" IS '결제금액';
   COMMENT ON COLUMN "ITD2024"."TB_PAYMENT"."EMAIL" IS '이메일ID';
   COMMENT ON COLUMN "ITD2024"."TB_PAYMENT"."INSERT_TIME" IS '결제날짜';
   COMMENT ON COLUMN "ITD2024"."TB_PAYMENT"."DELETE_TIME" IS '취소날짜';
--------------------------------------------------------
--  DDL for Table TB_PRODUCT
--------------------------------------------------------

  CREATE TABLE "ITD2024"."TB_PRODUCT" 
   (	"PRID" VARCHAR2(100 BYTE), 
	"CODE" VARCHAR2(100 BYTE), 
	"NAME" VARCHAR2(300 BYTE), 
	"KAREGORIE" VARCHAR2(100 BYTE) DEFAULT NULL, 
	"GENDER" VARCHAR2(100 BYTE) DEFAULT 'public', 
	"PRICE" NUMBER(30,0) DEFAULT 0, 
	"CONTENTS" VARCHAR2(3000 BYTE) DEFAULT NULL, 
	"SALES" NUMBER(30,0) DEFAULT 0, 
	"INSERT_TIME" VARCHAR2(100 BYTE) DEFAULT TO_CHAR(SYSDATE,'YYYY/MM/DD HH24:MI:SS'), 
	"UPDATE_TIME" VARCHAR2(100 BYTE) DEFAULT NULL
   ) SEGMENT CREATION IMMEDIATE 
  PCTFREE 10 PCTUSED 40 INITRANS 1 MAXTRANS 255 
 NOCOMPRESS LOGGING
  STORAGE(INITIAL 65536 NEXT 1048576 MINEXTENTS 1 MAXEXTENTS 2147483645
  PCTINCREASE 0 FREELISTS 1 FREELIST GROUPS 1
  BUFFER_POOL DEFAULT FLASH_CACHE DEFAULT CELL_FLASH_CACHE DEFAULT)
  TABLESPACE "USERS" ;

   COMMENT ON COLUMN "ITD2024"."TB_PRODUCT"."PRID" IS '고유ID';
   COMMENT ON COLUMN "ITD2024"."TB_PRODUCT"."CODE" IS '상품코드';
   COMMENT ON COLUMN "ITD2024"."TB_PRODUCT"."KAREGORIE" IS '카테고리';
   COMMENT ON COLUMN "ITD2024"."TB_PRODUCT"."GENDER" IS '착용구분';
   COMMENT ON COLUMN "ITD2024"."TB_PRODUCT"."PRICE" IS '단일가격';
   COMMENT ON COLUMN "ITD2024"."TB_PRODUCT"."CONTENTS" IS '상세내용';
   COMMENT ON COLUMN "ITD2024"."TB_PRODUCT"."INSERT_TIME" IS '등록날짜';
   COMMENT ON COLUMN "ITD2024"."TB_PRODUCT"."UPDATE_TIME" IS '수정날짜';
   COMMENT ON COLUMN "ITD2024"."TB_PRODUCT"."NAME" IS '상품명';
   COMMENT ON COLUMN "ITD2024"."TB_PRODUCT"."SALES" IS '판매량';
--------------------------------------------------------
--  DDL for Table TB_REVIEW
--------------------------------------------------------

  CREATE TABLE "ITD2024"."TB_REVIEW" 
   (	"RVID" VARCHAR2(100 BYTE), 
	"PRID" VARCHAR2(100 BYTE), 
	"CONTENTS" VARCHAR2(3000 BYTE) DEFAULT NULL, 
	"WRITER" VARCHAR2(100 BYTE), 
	"INSERT_TIME" VARCHAR2(100 BYTE) DEFAULT TO_CHAR(SYSDATE,'YYYY/MM/DD HH24:MI:SS'), 
	"UPDATE_TIME" VARCHAR2(100 BYTE) DEFAULT NULL
   ) SEGMENT CREATION IMMEDIATE 
  PCTFREE 10 PCTUSED 40 INITRANS 1 MAXTRANS 255 
 NOCOMPRESS LOGGING
  STORAGE(INITIAL 65536 NEXT 1048576 MINEXTENTS 1 MAXEXTENTS 2147483645
  PCTINCREASE 0 FREELISTS 1 FREELIST GROUPS 1
  BUFFER_POOL DEFAULT FLASH_CACHE DEFAULT CELL_FLASH_CACHE DEFAULT)
  TABLESPACE "USERS" ;

   COMMENT ON COLUMN "ITD2024"."TB_REVIEW"."RVID" IS '고유ID';
   COMMENT ON COLUMN "ITD2024"."TB_REVIEW"."PRID" IS '상품ID';
   COMMENT ON COLUMN "ITD2024"."TB_REVIEW"."CONTENTS" IS '내용';
   COMMENT ON COLUMN "ITD2024"."TB_REVIEW"."WRITER" IS '작성자';
   COMMENT ON COLUMN "ITD2024"."TB_REVIEW"."INSERT_TIME" IS '등록날짜';
   COMMENT ON COLUMN "ITD2024"."TB_REVIEW"."UPDATE_TIME" IS '수정날짜';
--------------------------------------------------------
--  DDL for Table TB_SIZE
--------------------------------------------------------

  CREATE TABLE "ITD2024"."TB_SIZE" 
   (	"SIID" VARCHAR2(100 BYTE), 
	"SHOULDER" VARCHAR2(100 BYTE), 
	"ARMS" VARCHAR2(100 BYTE), 
	"WAIST" VARCHAR2(100 BYTE), 
	"SLEEVE" VARCHAR2(100 BYTE), 
	"LENGTH" VARCHAR2(100 BYTE), 
	"MEN_SIZE" VARCHAR2(100 BYTE) DEFAULT NULL, 
	"WOMAN_SIZE" VARCHAR2(100 BYTE) DEFAULT NULL, 
	"PLUS_PRICE" NUMBER(30,0) DEFAULT 0, 
	"INSERT_TIME" VARCHAR2(100 BYTE) DEFAULT TO_CHAR(SYSDATE,'YYYY/MM/DD HH24:MI:SS'), 
	"UPDATE_TIME" VARCHAR2(100 BYTE)
   ) SEGMENT CREATION IMMEDIATE 
  PCTFREE 10 PCTUSED 40 INITRANS 1 MAXTRANS 255 
 NOCOMPRESS LOGGING
  STORAGE(INITIAL 65536 NEXT 1048576 MINEXTENTS 1 MAXEXTENTS 2147483645
  PCTINCREASE 0 FREELISTS 1 FREELIST GROUPS 1
  BUFFER_POOL DEFAULT FLASH_CACHE DEFAULT CELL_FLASH_CACHE DEFAULT)
  TABLESPACE "USERS" ;

   COMMENT ON COLUMN "ITD2024"."TB_SIZE"."SIID" IS '사이즈이름';
   COMMENT ON COLUMN "ITD2024"."TB_SIZE"."SHOULDER" IS '어깨';
   COMMENT ON COLUMN "ITD2024"."TB_SIZE"."ARMS" IS '팔';
   COMMENT ON COLUMN "ITD2024"."TB_SIZE"."WAIST" IS '허리';
   COMMENT ON COLUMN "ITD2024"."TB_SIZE"."SLEEVE" IS '소매';
   COMMENT ON COLUMN "ITD2024"."TB_SIZE"."LENGTH" IS '기장';
   COMMENT ON COLUMN "ITD2024"."TB_SIZE"."MEN_SIZE" IS '남성사이즈';
   COMMENT ON COLUMN "ITD2024"."TB_SIZE"."WOMAN_SIZE" IS '여성사이즈';
   COMMENT ON COLUMN "ITD2024"."TB_SIZE"."PLUS_PRICE" IS '추가가격';
   COMMENT ON COLUMN "ITD2024"."TB_SIZE"."INSERT_TIME" IS '등록날짜';
   COMMENT ON COLUMN "ITD2024"."TB_SIZE"."UPDATE_TIME" IS '수정날짜';
REM INSERTING into ITD2024.TB_CART
SET DEFINE OFF;
Insert into ITD2024.TB_CART (CAID,PRID,SIID,COLOR,QUANTITY,EMAIL,INSERT_TIME,UPDATE_TIME) values ('2','pr00052','XL','깜장',2,'Yisunsin@naver.com','2024/12/05 03:34:25',null);
Insert into ITD2024.TB_CART (CAID,PRID,SIID,COLOR,QUANTITY,EMAIL,INSERT_TIME,UPDATE_TIME) values ('00113
','pr00052','XL','깜장',2,'Yisunsin@naver.com','2024/12/05 03:34:25',null);
Insert into ITD2024.TB_CART (CAID,PRID,SIID,COLOR,QUANTITY,EMAIL,INSERT_TIME,UPDATE_TIME) values ('0225','pr00052','XL','깜장',4,'Yisunsin@naver.com','2024/12/05 03:34:25',null);
REM INSERTING into ITD2024.TB_DELIVERY
SET DEFINE OFF;
Insert into ITD2024.TB_DELIVERY (DEID,CODE,COURIER,STATE,EMAIL,ORDER_ADDRESS,ORDER_ZIP_CODE,CONSIGNEE_NAME,CONSIGNEE_PHONE_NUMBER,CONSIGNEE_ADDRESS,CONSIGNEE_ZIP_CODE,PAID,INSERT_TIME,DELETE_TIME) values ('DE00002','d712r2','CJ택배','주문완료','Electrionc@naver.com','부산광역시 동래구 사직로 45','40536','홍길동','01012345678','부산광역시 동래구 사직로 45','40536','PA00004','2024/12/05 06:07:36',null);
REM INSERTING into ITD2024.TB_EXAMPLE
SET DEFINE OFF;
Insert into ITD2024.TB_EXAMPLE (EXID,TITLE,CONTENTS,INSERT_TIME,UPDATE_TIME) values ('EX00001','iOS 18 업데이트 관련 예매 서비스 이용 안내','iOS 18로 업데이트 하신 경우 안정적인 서비스 이용을 위해 최신 버전(5.0.8)의 앱으로 업데이트가 필요합니다.','2024/11/27 00:04:33',null);
Insert into ITD2024.TB_EXAMPLE (EXID,TITLE,CONTENTS,INSERT_TIME,UPDATE_TIME) values ('EX00002','<블랙핑크 월드투어 [본 핑크] 인 시네마> 무대인사 회차 휠체어석 유의사항 안내','휠체어석(장애인석) 예매고객은 본인의 신분증 및 장애인 등록증(또는 복지카드) 미지참 시 입장이 불가하며, 예매 티켓은 취소됩니다.','2024/11/27 00:04:33',null);
Insert into ITD2024.TB_EXAMPLE (EXID,TITLE,CONTENTS,INSERT_TIME,UPDATE_TIME) values ('EX00003','해피머니상품권 사용중지 안내','갑작스러운 서비스 중지 안내를 드리게 된 점 양해 부탁드리며, 더 나은 서비스를 제공하고자 노력하겠습니다.','2024/11/27 00:04:33',null);
Insert into ITD2024.TB_EXAMPLE (EXID,TITLE,CONTENTS,INSERT_TIME,UPDATE_TIME) values ('EX00004','무대인사 예매취소 정책 변경 안내','무대인사 회차에 대한 예매취소 정책을 아래와 같이 변경하오니 이용에 참고 부탁드립니다.','2024/11/27 00:04:33',null);
Insert into ITD2024.TB_EXAMPLE (EXID,TITLE,CONTENTS,INSERT_TIME,UPDATE_TIME) values ('EX00005','2024년 12월 시스템공지','점검 시간 중 CGV 홈페이지 및 모바일의 모든 서비스가 중단될 예정이오니 이용에 불편 없으시기 바랍니다.','2024/11/27 00:04:33',null);
Insert into ITD2024.TB_EXAMPLE (EXID,TITLE,CONTENTS,INSERT_TIME,UPDATE_TIME) values ('EX00006','지하주차장 전기차 이용제한 안내','최근 발생한 공동주택 전기차 화재 발생으로 건물 이용객들의 불안감 증가와 입차 제한 요청에 따라 노형타워 지하주차장 전기차 이용을 제한하게 되었습니다.','2024/11/27 00:04:33',null);
Insert into ITD2024.TB_EXAMPLE (EXID,TITLE,CONTENTS,INSERT_TIME,UPDATE_TIME) values ('EX00007','비정상적 예매티켓 모니터링 강화 안내','3월 22일 공연법 개정에 맞춰 CGV에서도 부정판매 금지를 위해 노력하고자 합니다.','2024/11/27 00:04:33',null);
REM INSERTING into ITD2024.TB_FILE_DB
SET DEFINE OFF;
REM INSERTING into ITD2024.TB_INQUIRY
SET DEFINE OFF;
Insert into ITD2024.TB_INQUIRY (IQID,TITLE,CONTENTS,WRITER,REID,ANWSER,INSERT_TIME,UPDATE_TIME) values ('IQ00010','@0@','다들 화이팅','ITN2024@gmail.com',null,'Y','2024/11/28 06:44:44','2024/12/03 03:46:49');
Insert into ITD2024.TB_INQUIRY (IQID,TITLE,CONTENTS,WRITER,REID,ANWSER,INSERT_TIME,UPDATE_TIME) values ('IQ00015',null,'화이팅 다들','ITN2024@gmail.com','IQ00010','N','2024/12/03 03:46:49',null);
Insert into ITD2024.TB_INQUIRY (IQID,TITLE,CONTENTS,WRITER,REID,ANWSER,INSERT_TIME,UPDATE_TIME) values ('IQ00018',null,'로그인 문제는 CHAT GPT 를 사용해 주세요','ITN2024@gmail.com','IQ00009','N','2024/12/03 07:00:55',null);
Insert into ITD2024.TB_INQUIRY (IQID,TITLE,CONTENTS,WRITER,REID,ANWSER,INSERT_TIME,UPDATE_TIME) values ('IQ00002','로그인 시 페이지오류 발생','관리자 죽어라','Electrionc@naver.com',null,'Y','2024/11/27 07:10:51',null);
Insert into ITD2024.TB_INQUIRY (IQID,TITLE,CONTENTS,WRITER,REID,ANWSER,INSERT_TIME,UPDATE_TIME) values ('IQ00003',null,'그냥우리사이트 사용하지 마세요','ITN2024@gmail.com','IQ00002','N','2024/11/27 07:13:45',null);
Insert into ITD2024.TB_INQUIRY (IQID,TITLE,CONTENTS,WRITER,REID,ANWSER,INSERT_TIME,UPDATE_TIME) values ('IQ00021','테스트입니당','테스트입니당','Electrionc@naver.com',null,'N','2024/12/04 02:42:30',null);
Insert into ITD2024.TB_INQUIRY (IQID,TITLE,CONTENTS,WRITER,REID,ANWSER,INSERT_TIME,UPDATE_TIME) values ('IQ00011','다들힘찬월요일입니다!','월요일 좋아~','Electrionc@naver.com',null,'N','2024/12/02 01:54:54',null);
Insert into ITD2024.TB_INQUIRY (IQID,TITLE,CONTENTS,WRITER,REID,ANWSER,INSERT_TIME,UPDATE_TIME) values ('IQ00009','로그인안됨','로그인성공했어용','ITN2024@gmail.com',null,'Y','2024/11/28 06:42:18','2024/12/03 07:00:55');
Insert into ITD2024.TB_INQUIRY (IQID,TITLE,CONTENTS,WRITER,REID,ANWSER,INSERT_TIME,UPDATE_TIME) values ('IQ00012','사실월요일은 피곤해요','월요일 싫어~','Electrionc@naver.com',null,'Y','2024/12/02 01:55:46','2024/12/03 06:59:11');
Insert into ITD2024.TB_INQUIRY (IQID,TITLE,CONTENTS,WRITER,REID,ANWSER,INSERT_TIME,UPDATE_TIME) values ('IQ00017',null,'답변 내용','ITN2024@gmail.com','IQ00012','N','2024/12/03 06:48:54',null);
Insert into ITD2024.TB_INQUIRY (IQID,TITLE,CONTENTS,WRITER,REID,ANWSER,INSERT_TIME,UPDATE_TIME) values ('IQ00019','검색기능은 어떻게 사용해야 할까요?','검색하고싶어요','Electrionc@naver.com',null,'Y','2024/12/03 07:08:36','2024/12/03 07:08:57');
Insert into ITD2024.TB_INQUIRY (IQID,TITLE,CONTENTS,WRITER,REID,ANWSER,INSERT_TIME,UPDATE_TIME) values ('IQ00020',null,'검색을하지마세요','ITN2024@gmail.com','IQ00019','N','2024/12/03 07:08:57',null);
REM INSERTING into ITD2024.TB_INVENTORY
SET DEFINE OFF;
REM INSERTING into ITD2024.TB_MEMBER
SET DEFINE OFF;
Insert into ITD2024.TB_MEMBER (EMAIL,PASSWORD,NAME,PHONE_NUMBER,CODE_NAME,INSERT_TIME,UPDATE_TIME) values ('Hong9536@daum.net','1234','HongGilDong','01032456987','ROLE_USER','2024/11/29 05:09:01',null);
Insert into ITD2024.TB_MEMBER (EMAIL,PASSWORD,NAME,PHONE_NUMBER,CODE_NAME,INSERT_TIME,UPDATE_TIME) values ('Yisunsin@naver.com','1234','YiSunsin','01065239841','ROLE_USER','2024/11/29 05:10:31',null);
Insert into ITD2024.TB_MEMBER (EMAIL,PASSWORD,NAME,PHONE_NUMBER,CODE_NAME,INSERT_TIME,UPDATE_TIME) values ('taehoon2@gmail.com','$2a$10$K0X80jwawwuYGrEVcceeWeKLlldxRkAFA6hqmCooXAxVujiBUfjHe','taehoon2','01050691706','ROLE_USER','2024/11/29 06:21:49',null);
Insert into ITD2024.TB_MEMBER (EMAIL,PASSWORD,NAME,PHONE_NUMBER,CODE_NAME,INSERT_TIME,UPDATE_TIME) values ('ITN2024@gmail.com','1234','ITN2024','01045678932','ROLE_ADMIN','2024/11/27 06:46:21',null);
Insert into ITD2024.TB_MEMBER (EMAIL,PASSWORD,NAME,PHONE_NUMBER,CODE_NAME,INSERT_TIME,UPDATE_TIME) values ('Electrionc@naver.com','456456','SamHongSam','01011112222','ROLE_USER','2024/11/27 07:03:03','2024/12/05 04/06/25');
Insert into ITD2024.TB_MEMBER (EMAIL,PASSWORD,NAME,PHONE_NUMBER,CODE_NAME,INSERT_TIME,UPDATE_TIME) values ('taehoon@gmail.com','$2a$10$tHpiu115Z2A66mDo3dzr6eQwxzhdJIWyUePpgUPaJCbEOZ/.JqRwa','ohtaehoon','01050691706','ROLE_USER','2024/11/29 06:05:34',null);
Insert into ITD2024.TB_MEMBER (EMAIL,PASSWORD,NAME,PHONE_NUMBER,CODE_NAME,INSERT_TIME,UPDATE_TIME) values ('taehoon1@gmail.com','$2a$10$pVgYwOnCmcr1K7UDsA6Hau4dUdJsh50jpfrBJY48NWf6NayBnyDMu','taehoon1','01050691706','ROLE_USER','2024/11/29 06:06:46',null);
Insert into ITD2024.TB_MEMBER (EMAIL,PASSWORD,NAME,PHONE_NUMBER,CODE_NAME,INSERT_TIME,UPDATE_TIME) values ('ohtaehoon@gmail.com','$2a$10$EUCEbchIrP66Rj4PAGTTIuxeUBYEw5fVq6S5WpZKs66VvrprLsQvu','오태훈','01050691706','ROLE_USER','2024/11/29 05:26:20',null);
REM INSERTING into ITD2024.TB_NOTICE
SET DEFINE OFF;
Insert into ITD2024.TB_NOTICE (NOID,UUID,TITLE,CONTENTS,IMAGE_URL,WRITER,INSERT_TIME,UPDATE_TIME) values ('NO00008',null,'옷가게 감자팔아요','신상 출시 전 사전공개 
여름 신상 단청 반팔저고리를 미리 만나보실 수 있는 기회.





예약제로 운영하던 쇼룸을 6월 4일 화요일부터  출시일까지 상시 오픈을 진행하며, 

정식 출시 전 단청 반팔 저고리를 미리 만나보실 수 있습니다. 

편하게 방문하셔서 직접 착용해보세요! 



상시 운영기간 | 2024.6.4-6.9. 10:00~18:00

쇼룸 위치안내 | 서울시 마포구 연남로 11길 31 

신상 출시 전 사전공개 
여름 신상 단청 반팔저고리를 미리 만나보실 수 있는 기회.





예약제로 운영하던 쇼룸을 6월 4일 화요일부터  출시일까지 상시 오픈을 진행하며, 

정식 출시 전 단청 반팔 저고리를 미리 만나보실 수 있습니다. 

편하게 방문하셔서 직접 착용해보세요! 



상시 운영기간 | 2024.6.4-6.9. 10:00~18:00

쇼룸 위치안내 | 서울시 마포구 연남로 11길 31 

','https://placehold.co/600x400','ITN2024@gmail.com','2024/11/29 05:45:46',null);
Insert into ITD2024.TB_NOTICE (NOID,UUID,TITLE,CONTENTS,IMAGE_URL,WRITER,INSERT_TIME,UPDATE_TIME) values ('341f1017-644d-45a6-94f9-911e32c9e031',null,'반란군 심근우','탱크를 몰고 국회로','http://localhost:8000/api/basic/notice/341f1017-644d-45a6-94f9-911e32c9e031','ITN2024@gmail.com','2024/12/05 02:22:54',null);
Insert into ITD2024.TB_NOTICE (NOID,UUID,TITLE,CONTENTS,IMAGE_URL,WRITER,INSERT_TIME,UPDATE_TIME) values ('8960aa49-c8cf-43c1-b579-f1b94c68a54a',null,'심근우 근육','근육누ㅠㄱㅇ','http://localhost:8000/api/basic/notice/8960aa49-c8cf-43c1-b579-f1b94c68a54a','ITN2024@gmail.com','2024/12/03 02:20:22',null);
Insert into ITD2024.TB_NOTICE (NOID,UUID,TITLE,CONTENTS,IMAGE_URL,WRITER,INSERT_TIME,UPDATE_TIME) values ('4a71ff93-475a-4643-81c1-7a29c13c14db',null,'근우짱 근육은','치즈가 주성분','http://localhost:8000/api/basic/notice/4a71ff93-475a-4643-81c1-7a29c13c14db','ITN2024@gmail.com','2024/12/05 03:30:03',null);
REM INSERTING into ITD2024.TB_ORDER
SET DEFINE OFF;
Insert into ITD2024.TB_ORDER (ORID,PRID,SIID,COLOR,QUANTITY,PAID,EMAIL,INSERT_TIME,DELETE_TIME) values ('OR00011','PR00056','M','BLUE',1,'PA00005','Electrionc@naver.com','2024/12/05 04:50:13',null);
Insert into ITD2024.TB_ORDER (ORID,PRID,SIID,COLOR,QUANTITY,PAID,EMAIL,INSERT_TIME,DELETE_TIME) values ('OR00012','PR00056','L','RED',1,'PA00005','Electrionc@naver.com','2024/12/05 04:50:15',null);
Insert into ITD2024.TB_ORDER (ORID,PRID,SIID,COLOR,QUANTITY,PAID,EMAIL,INSERT_TIME,DELETE_TIME) values ('OR00013','PR00057','M','BLUE',1,'PA00005','Electrionc@naver.com','2024/12/05 04:50:41',null);
Insert into ITD2024.TB_ORDER (ORID,PRID,SIID,COLOR,QUANTITY,PAID,EMAIL,INSERT_TIME,DELETE_TIME) values ('OR00005','PR00056','M','BLUE',1,'PA00004','Electrionc@naver.com','2024/12/05 04:45:26',null);
Insert into ITD2024.TB_ORDER (ORID,PRID,SIID,COLOR,QUANTITY,PAID,EMAIL,INSERT_TIME,DELETE_TIME) values ('OR00006','PR00057','M','BLUE',1,'PA00004','Electrionc@naver.com','2024/12/05 04:46:15',null);
Insert into ITD2024.TB_ORDER (ORID,PRID,SIID,COLOR,QUANTITY,PAID,EMAIL,INSERT_TIME,DELETE_TIME) values ('OR00007','PR00057','L','RED',1,'PA00004','Electrionc@naver.com','2024/12/05 04:46:41',null);
Insert into ITD2024.TB_ORDER (ORID,PRID,SIID,COLOR,QUANTITY,PAID,EMAIL,INSERT_TIME,DELETE_TIME) values ('OR00008','PR00058','M','BLUE',1,'PA00004','Electrionc@naver.com','2024/12/05 04:47:18',null);
Insert into ITD2024.TB_ORDER (ORID,PRID,SIID,COLOR,QUANTITY,PAID,EMAIL,INSERT_TIME,DELETE_TIME) values ('OR00009','PR00058','L','BLACK',1,'PA00004','Electrionc@naver.com','2024/12/05 04:47:56',null);
Insert into ITD2024.TB_ORDER (ORID,PRID,SIID,COLOR,QUANTITY,PAID,EMAIL,INSERT_TIME,DELETE_TIME) values ('OR00010','PR00058','XL','RED',1,'PA00004','Electrionc@naver.com','2024/12/05 04:48:17',null);
Insert into ITD2024.TB_ORDER (ORID,PRID,SIID,COLOR,QUANTITY,PAID,EMAIL,INSERT_TIME,DELETE_TIME) values ('OR00014','PR00058','M','BLUE',1,'PA00005','Electrionc@naver.com','2024/12/05 04:51:04',null);
Insert into ITD2024.TB_ORDER (ORID,PRID,SIID,COLOR,QUANTITY,PAID,EMAIL,INSERT_TIME,DELETE_TIME) values ('OR00015','PR00058','L','BLACK',1,'PA00005','Electrionc@naver.com','2024/12/05 04:51:06',null);
Insert into ITD2024.TB_ORDER (ORID,PRID,SIID,COLOR,QUANTITY,PAID,EMAIL,INSERT_TIME,DELETE_TIME) values ('OR00016','PR00056','M','BLUE',1,'PA00006','Electrionc@naver.com','2024/12/05 04:53:11',null);
Insert into ITD2024.TB_ORDER (ORID,PRID,SIID,COLOR,QUANTITY,PAID,EMAIL,INSERT_TIME,DELETE_TIME) values ('OR00017','PR00056','L','BLACK',1,'PA00006','Electrionc@naver.com','2024/12/05 04:53:13',null);
Insert into ITD2024.TB_ORDER (ORID,PRID,SIID,COLOR,QUANTITY,PAID,EMAIL,INSERT_TIME,DELETE_TIME) values ('OR00018','PR00056','XL','RED',1,'PA00006','Electrionc@naver.com','2024/12/05 04:53:16',null);
Insert into ITD2024.TB_ORDER (ORID,PRID,SIID,COLOR,QUANTITY,PAID,EMAIL,INSERT_TIME,DELETE_TIME) values ('OR00019','PR00057','M','BLUE',1,'PA00006','Electrionc@naver.com','2024/12/05 04:56:26',null);
Insert into ITD2024.TB_ORDER (ORID,PRID,SIID,COLOR,QUANTITY,PAID,EMAIL,INSERT_TIME,DELETE_TIME) values ('OR00020','PR00057','L','RED',1,'PA00006','Electrionc@naver.com','2024/12/05 04:56:28',null);
Insert into ITD2024.TB_ORDER (ORID,PRID,SIID,COLOR,QUANTITY,PAID,EMAIL,INSERT_TIME,DELETE_TIME) values ('OR00021','PR00058','M','BLUE',1,'PA00006','Electrionc@naver.com','2024/12/05 04:56:54',null);
REM INSERTING into ITD2024.TB_PAYMENT
SET DEFINE OFF;
Insert into ITD2024.TB_PAYMENT (PAID,CODE,PAY_TYPE,TOTAL_PRICE,EMAIL,INSERT_TIME,DELETE_TIME) values ('PA00004','Y595L8','CARD',934000,'Electrionc@naver.com','2024/12/05 04:30:27',null);
Insert into ITD2024.TB_PAYMENT (PAID,CODE,PAY_TYPE,TOTAL_PRICE,EMAIL,INSERT_TIME,DELETE_TIME) values ('PA00005','Z523R5','CARD',815000,'Electrionc@naver.com','2024/12/05 04:32:08',null);
Insert into ITD2024.TB_PAYMENT (PAID,CODE,PAY_TYPE,TOTAL_PRICE,EMAIL,INSERT_TIME,DELETE_TIME) values ('PA00006','Z595L8','CARD',974000,'Electrionc@naver.com','2024/12/05 04:32:13',null);
REM INSERTING into ITD2024.TB_PRODUCT
SET DEFINE OFF;
Insert into ITD2024.TB_PRODUCT (PRID,CODE,NAME,KAREGORIE,GENDER,PRICE,CONTENTS,SALES,INSERT_TIME,UPDATE_TIME) values ('pr00052','dm052','5555','두루마기','남성',568000,'12123',0,'2024/12/05 02:42:31',null);
Insert into ITD2024.TB_PRODUCT (PRID,CODE,NAME,KAREGORIE,GENDER,PRICE,CONTENTS,SALES,INSERT_TIME,UPDATE_TIME) values ('PR00056','Z523R5','흑월 단 두루마기 오픈코트','두루마기','남녀공용',179000,null,0,'2024/12/05 04:18:52',null);
Insert into ITD2024.TB_PRODUCT (PRID,CODE,NAME,KAREGORIE,GENDER,PRICE,CONTENTS,SALES,INSERT_TIME,UPDATE_TIME) values ('PR00057','Z595L8','늘품 티저고리 배색깃 에디션','저고리','남녀공용',139000,null,0,'2024/12/05 04:18:54',null);
Insert into ITD2024.TB_PRODUCT (PRID,CODE,NAME,KAREGORIE,GENDER,PRICE,CONTENTS,SALES,INSERT_TIME,UPDATE_TIME) values ('PR00058','Z175Y2','기모 창경 바지','바지','남녀공용',159000,null,0,'2024/12/05 04:18:56',null);
REM INSERTING into ITD2024.TB_REVIEW
SET DEFINE OFF;
Insert into ITD2024.TB_REVIEW (RVID,PRID,CONTENTS,WRITER,INSERT_TIME,UPDATE_TIME) values ('RV00006','PR00057','PR00057','Hong9536@daum.net','2024/12/05 07:10:24',null);
Insert into ITD2024.TB_REVIEW (RVID,PRID,CONTENTS,WRITER,INSERT_TIME,UPDATE_TIME) values ('RV00007','PR00058','PR00058','Hong9536@daum.net','2024/12/05 07:10:34',null);
Insert into ITD2024.TB_REVIEW (RVID,PRID,CONTENTS,WRITER,INSERT_TIME,UPDATE_TIME) values ('RV00004','pr00052','123','Hong9536@daum.net','2024/12/05 07:09:31',null);
Insert into ITD2024.TB_REVIEW (RVID,PRID,CONTENTS,WRITER,INSERT_TIME,UPDATE_TIME) values ('RV00005','PR00056','PR00056','Hong9536@daum.net','2024/12/05 07:09:57',null);
Insert into ITD2024.TB_REVIEW (RVID,PRID,CONTENTS,WRITER,INSERT_TIME,UPDATE_TIME) values ('RV00008','PR00058','PR00058','Hong9536@daum.net','2024/12/05 07:14:38',null);
REM INSERTING into ITD2024.TB_SIZE
SET DEFINE OFF;
Insert into ITD2024.TB_SIZE (SIID,SHOULDER,ARMS,WAIST,SLEEVE,LENGTH,MEN_SIZE,WOMAN_SIZE,PLUS_PRICE,INSERT_TIME,UPDATE_TIME) values ('M','40','59','14.5','52','69','~90','~55',0,'2024/11/27 06:57:14',null);
Insert into ITD2024.TB_SIZE (SIID,SHOULDER,ARMS,WAIST,SLEEVE,LENGTH,MEN_SIZE,WOMAN_SIZE,PLUS_PRICE,INSERT_TIME,UPDATE_TIME) values ('L','43','61','15','56','71','95~100','66~77',0,'2024/11/27 07:00:10',null);
Insert into ITD2024.TB_SIZE (SIID,SHOULDER,ARMS,WAIST,SLEEVE,LENGTH,MEN_SIZE,WOMAN_SIZE,PLUS_PRICE,INSERT_TIME,UPDATE_TIME) values ('XL','46','61','15.5','60','73','105~110','105~110',0,'2024/11/27 07:01:08',null);
Insert into ITD2024.TB_SIZE (SIID,SHOULDER,ARMS,WAIST,SLEEVE,LENGTH,MEN_SIZE,WOMAN_SIZE,PLUS_PRICE,INSERT_TIME,UPDATE_TIME) values ('XXL','49','64','17','64','75','110~115','99+',0,'2024/11/27 07:01:41',null);
--------------------------------------------------------
--  DDL for Index TB_FAQ_PK
--------------------------------------------------------

  CREATE UNIQUE INDEX "ITD2024"."TB_FAQ_PK" ON "ITD2024"."TB_INQUIRY" ("IQID") 
  PCTFREE 10 INITRANS 2 MAXTRANS 255 COMPUTE STATISTICS 
  STORAGE(INITIAL 65536 NEXT 1048576 MINEXTENTS 1 MAXEXTENTS 2147483645
  PCTINCREASE 0 FREELISTS 1 FREELIST GROUPS 1
  BUFFER_POOL DEFAULT FLASH_CACHE DEFAULT CELL_FLASH_CACHE DEFAULT)
  TABLESPACE "USERS" ;
--------------------------------------------------------
--  DDL for Index TB_CART_PK
--------------------------------------------------------

  CREATE UNIQUE INDEX "ITD2024"."TB_CART_PK" ON "ITD2024"."TB_CART" ("CAID") 
  PCTFREE 10 INITRANS 2 MAXTRANS 255 COMPUTE STATISTICS 
  STORAGE(INITIAL 65536 NEXT 1048576 MINEXTENTS 1 MAXEXTENTS 2147483645
  PCTINCREASE 0 FREELISTS 1 FREELIST GROUPS 1
  BUFFER_POOL DEFAULT FLASH_CACHE DEFAULT CELL_FLASH_CACHE DEFAULT)
  TABLESPACE "USERS" ;
--------------------------------------------------------
--  DDL for Index TB_FILE_DB_PK
--------------------------------------------------------

  CREATE UNIQUE INDEX "ITD2024"."TB_FILE_DB_PK" ON "ITD2024"."TB_FILE_DB" ("UUID") 
  PCTFREE 10 INITRANS 2 MAXTRANS 255 COMPUTE STATISTICS 
  TABLESPACE "USERS" ;
--------------------------------------------------------
--  DDL for Index TB_SIZE_PK
--------------------------------------------------------

  CREATE UNIQUE INDEX "ITD2024"."TB_SIZE_PK" ON "ITD2024"."TB_SIZE" ("SIID") 
  PCTFREE 10 INITRANS 2 MAXTRANS 255 COMPUTE STATISTICS 
  STORAGE(INITIAL 65536 NEXT 1048576 MINEXTENTS 1 MAXEXTENTS 2147483645
  PCTINCREASE 0 FREELISTS 1 FREELIST GROUPS 1
  BUFFER_POOL DEFAULT FLASH_CACHE DEFAULT CELL_FLASH_CACHE DEFAULT)
  TABLESPACE "USERS" ;
--------------------------------------------------------
--  DDL for Index TB_PRODECT_PK
--------------------------------------------------------

  CREATE UNIQUE INDEX "ITD2024"."TB_PRODECT_PK" ON "ITD2024"."TB_PRODUCT" ("PRID") 
  PCTFREE 10 INITRANS 2 MAXTRANS 255 COMPUTE STATISTICS 
  STORAGE(INITIAL 65536 NEXT 1048576 MINEXTENTS 1 MAXEXTENTS 2147483645
  PCTINCREASE 0 FREELISTS 1 FREELIST GROUPS 1
  BUFFER_POOL DEFAULT FLASH_CACHE DEFAULT CELL_FLASH_CACHE DEFAULT)
  TABLESPACE "USERS" ;
--------------------------------------------------------
--  DDL for Index TB_NOTICE_PK
--------------------------------------------------------

  CREATE UNIQUE INDEX "ITD2024"."TB_NOTICE_PK" ON "ITD2024"."TB_NOTICE" ("NOID") 
  PCTFREE 10 INITRANS 2 MAXTRANS 255 COMPUTE STATISTICS 
  STORAGE(INITIAL 65536 NEXT 1048576 MINEXTENTS 1 MAXEXTENTS 2147483645
  PCTINCREASE 0 FREELISTS 1 FREELIST GROUPS 1
  BUFFER_POOL DEFAULT FLASH_CACHE DEFAULT CELL_FLASH_CACHE DEFAULT)
  TABLESPACE "USERS" ;
--------------------------------------------------------
--  DDL for Index TABLE1_PK
--------------------------------------------------------

  CREATE UNIQUE INDEX "ITD2024"."TABLE1_PK" ON "ITD2024"."TB_DELIVERY" ("DEID") 
  PCTFREE 10 INITRANS 2 MAXTRANS 255 COMPUTE STATISTICS 
  STORAGE(INITIAL 65536 NEXT 1048576 MINEXTENTS 1 MAXEXTENTS 2147483645
  PCTINCREASE 0 FREELISTS 1 FREELIST GROUPS 1
  BUFFER_POOL DEFAULT FLASH_CACHE DEFAULT CELL_FLASH_CACHE DEFAULT)
  TABLESPACE "USERS" ;
--------------------------------------------------------
--  DDL for Index TB_INVENTORY_PK
--------------------------------------------------------

  CREATE UNIQUE INDEX "ITD2024"."TB_INVENTORY_PK" ON "ITD2024"."TB_INVENTORY" ("INID") 
  PCTFREE 10 INITRANS 2 MAXTRANS 255 COMPUTE STATISTICS 
  TABLESPACE "USERS" ;
--------------------------------------------------------
--  DDL for Index TB_ORDER_PK
--------------------------------------------------------

  CREATE UNIQUE INDEX "ITD2024"."TB_ORDER_PK" ON "ITD2024"."TB_ORDER" ("ORID") 
  PCTFREE 10 INITRANS 2 MAXTRANS 255 COMPUTE STATISTICS 
  STORAGE(INITIAL 65536 NEXT 1048576 MINEXTENTS 1 MAXEXTENTS 2147483645
  PCTINCREASE 0 FREELISTS 1 FREELIST GROUPS 1
  BUFFER_POOL DEFAULT FLASH_CACHE DEFAULT CELL_FLASH_CACHE DEFAULT)
  TABLESPACE "USERS" ;
--------------------------------------------------------
--  DDL for Index TB_MEMBER_PK
--------------------------------------------------------

  CREATE UNIQUE INDEX "ITD2024"."TB_MEMBER_PK" ON "ITD2024"."TB_MEMBER" ("EMAIL") 
  PCTFREE 10 INITRANS 2 MAXTRANS 255 COMPUTE STATISTICS 
  STORAGE(INITIAL 65536 NEXT 1048576 MINEXTENTS 1 MAXEXTENTS 2147483645
  PCTINCREASE 0 FREELISTS 1 FREELIST GROUPS 1
  BUFFER_POOL DEFAULT FLASH_CACHE DEFAULT CELL_FLASH_CACHE DEFAULT)
  TABLESPACE "USERS" ;
--------------------------------------------------------
--  DDL for Index TB_REVIEW_PK
--------------------------------------------------------

  CREATE UNIQUE INDEX "ITD2024"."TB_REVIEW_PK" ON "ITD2024"."TB_REVIEW" ("RVID") 
  PCTFREE 10 INITRANS 2 MAXTRANS 255 COMPUTE STATISTICS 
  STORAGE(INITIAL 65536 NEXT 1048576 MINEXTENTS 1 MAXEXTENTS 2147483645
  PCTINCREASE 0 FREELISTS 1 FREELIST GROUPS 1
  BUFFER_POOL DEFAULT FLASH_CACHE DEFAULT CELL_FLASH_CACHE DEFAULT)
  TABLESPACE "USERS" ;
--------------------------------------------------------
--  DDL for Index TB_PAYMENT_PK
--------------------------------------------------------

  CREATE UNIQUE INDEX "ITD2024"."TB_PAYMENT_PK" ON "ITD2024"."TB_PAYMENT" ("PAID") 
  PCTFREE 10 INITRANS 2 MAXTRANS 255 COMPUTE STATISTICS 
  STORAGE(INITIAL 65536 NEXT 1048576 MINEXTENTS 1 MAXEXTENTS 2147483645
  PCTINCREASE 0 FREELISTS 1 FREELIST GROUPS 1
  BUFFER_POOL DEFAULT FLASH_CACHE DEFAULT CELL_FLASH_CACHE DEFAULT)
  TABLESPACE "USERS" ;
--------------------------------------------------------
--  DDL for Index TB_EXAMPLE_PK
--------------------------------------------------------

  CREATE UNIQUE INDEX "ITD2024"."TB_EXAMPLE_PK" ON "ITD2024"."TB_EXAMPLE" ("EXID") 
  PCTFREE 10 INITRANS 2 MAXTRANS 255 COMPUTE STATISTICS 
  STORAGE(INITIAL 65536 NEXT 1048576 MINEXTENTS 1 MAXEXTENTS 2147483645
  PCTINCREASE 0 FREELISTS 1 FREELIST GROUPS 1
  BUFFER_POOL DEFAULT FLASH_CACHE DEFAULT CELL_FLASH_CACHE DEFAULT)
  TABLESPACE "USERS" ;
--------------------------------------------------------
--  Constraints for Table TB_INVENTORY
--------------------------------------------------------

  ALTER TABLE "ITD2024"."TB_INVENTORY" MODIFY ("INID" NOT NULL ENABLE);
  ALTER TABLE "ITD2024"."TB_INVENTORY" MODIFY ("PRID" NOT NULL ENABLE);
  ALTER TABLE "ITD2024"."TB_INVENTORY" MODIFY ("SIID" NOT NULL ENABLE);
  ALTER TABLE "ITD2024"."TB_INVENTORY" MODIFY ("QUANTITY" NOT NULL ENABLE);
  ALTER TABLE "ITD2024"."TB_INVENTORY" MODIFY ("INSERT_TIME" NOT NULL ENABLE);
  ALTER TABLE "ITD2024"."TB_INVENTORY" ADD CONSTRAINT "TB_INVENTORY_PK" PRIMARY KEY ("INID")
  USING INDEX PCTFREE 10 INITRANS 2 MAXTRANS 255 COMPUTE STATISTICS 
  TABLESPACE "USERS"  ENABLE;
--------------------------------------------------------
--  Constraints for Table TB_EXAMPLE
--------------------------------------------------------

  ALTER TABLE "ITD2024"."TB_EXAMPLE" MODIFY ("EXID" NOT NULL ENABLE);
  ALTER TABLE "ITD2024"."TB_EXAMPLE" MODIFY ("TITLE" NOT NULL ENABLE);
  ALTER TABLE "ITD2024"."TB_EXAMPLE" MODIFY ("INSERT_TIME" NOT NULL ENABLE);
  ALTER TABLE "ITD2024"."TB_EXAMPLE" ADD CONSTRAINT "TB_EXAMPLE_PK" PRIMARY KEY ("EXID")
  USING INDEX PCTFREE 10 INITRANS 2 MAXTRANS 255 COMPUTE STATISTICS 
  STORAGE(INITIAL 65536 NEXT 1048576 MINEXTENTS 1 MAXEXTENTS 2147483645
  PCTINCREASE 0 FREELISTS 1 FREELIST GROUPS 1
  BUFFER_POOL DEFAULT FLASH_CACHE DEFAULT CELL_FLASH_CACHE DEFAULT)
  TABLESPACE "USERS"  ENABLE;
--------------------------------------------------------
--  Constraints for Table TB_PRODUCT
--------------------------------------------------------

  ALTER TABLE "ITD2024"."TB_PRODUCT" MODIFY ("PRID" NOT NULL ENABLE);
  ALTER TABLE "ITD2024"."TB_PRODUCT" MODIFY ("CODE" NOT NULL ENABLE);
  ALTER TABLE "ITD2024"."TB_PRODUCT" MODIFY ("GENDER" NOT NULL ENABLE);
  ALTER TABLE "ITD2024"."TB_PRODUCT" MODIFY ("INSERT_TIME" NOT NULL ENABLE);
  ALTER TABLE "ITD2024"."TB_PRODUCT" ADD CONSTRAINT "TB_PRODECT_PK" PRIMARY KEY ("PRID")
  USING INDEX PCTFREE 10 INITRANS 2 MAXTRANS 255 COMPUTE STATISTICS 
  STORAGE(INITIAL 65536 NEXT 1048576 MINEXTENTS 1 MAXEXTENTS 2147483645
  PCTINCREASE 0 FREELISTS 1 FREELIST GROUPS 1
  BUFFER_POOL DEFAULT FLASH_CACHE DEFAULT CELL_FLASH_CACHE DEFAULT)
  TABLESPACE "USERS"  ENABLE;
--------------------------------------------------------
--  Constraints for Table TB_MEMBER
--------------------------------------------------------

  ALTER TABLE "ITD2024"."TB_MEMBER" MODIFY ("PASSWORD" NOT NULL ENABLE);
  ALTER TABLE "ITD2024"."TB_MEMBER" MODIFY ("CODE_NAME" NOT NULL ENABLE);
  ALTER TABLE "ITD2024"."TB_MEMBER" MODIFY ("INSERT_TIME" NOT NULL ENABLE);
  ALTER TABLE "ITD2024"."TB_MEMBER" MODIFY ("EMAIL" NOT NULL ENABLE);
  ALTER TABLE "ITD2024"."TB_MEMBER" ADD CONSTRAINT "TB_MEMBER_PK" PRIMARY KEY ("EMAIL")
  USING INDEX PCTFREE 10 INITRANS 2 MAXTRANS 255 COMPUTE STATISTICS 
  STORAGE(INITIAL 65536 NEXT 1048576 MINEXTENTS 1 MAXEXTENTS 2147483645
  PCTINCREASE 0 FREELISTS 1 FREELIST GROUPS 1
  BUFFER_POOL DEFAULT FLASH_CACHE DEFAULT CELL_FLASH_CACHE DEFAULT)
  TABLESPACE "USERS"  ENABLE;
--------------------------------------------------------
--  Constraints for Table TB_INQUIRY
--------------------------------------------------------

  ALTER TABLE "ITD2024"."TB_INQUIRY" MODIFY ("IQID" NOT NULL ENABLE);
  ALTER TABLE "ITD2024"."TB_INQUIRY" MODIFY ("WRITER" NOT NULL ENABLE);
  ALTER TABLE "ITD2024"."TB_INQUIRY" MODIFY ("INSERT_TIME" NOT NULL ENABLE);
  ALTER TABLE "ITD2024"."TB_INQUIRY" ADD CONSTRAINT "TB_FAQ_PK" PRIMARY KEY ("IQID")
  USING INDEX PCTFREE 10 INITRANS 2 MAXTRANS 255 COMPUTE STATISTICS 
  STORAGE(INITIAL 65536 NEXT 1048576 MINEXTENTS 1 MAXEXTENTS 2147483645
  PCTINCREASE 0 FREELISTS 1 FREELIST GROUPS 1
  BUFFER_POOL DEFAULT FLASH_CACHE DEFAULT CELL_FLASH_CACHE DEFAULT)
  TABLESPACE "USERS"  ENABLE;
  ALTER TABLE "ITD2024"."TB_INQUIRY" MODIFY ("ANWSER" NOT NULL ENABLE);
--------------------------------------------------------
--  Constraints for Table TB_REVIEW
--------------------------------------------------------

  ALTER TABLE "ITD2024"."TB_REVIEW" MODIFY ("RVID" NOT NULL ENABLE);
  ALTER TABLE "ITD2024"."TB_REVIEW" MODIFY ("PRID" NOT NULL ENABLE);
  ALTER TABLE "ITD2024"."TB_REVIEW" MODIFY ("WRITER" NOT NULL ENABLE);
  ALTER TABLE "ITD2024"."TB_REVIEW" MODIFY ("INSERT_TIME" NOT NULL ENABLE);
  ALTER TABLE "ITD2024"."TB_REVIEW" ADD CONSTRAINT "TB_REVIEW_PK" PRIMARY KEY ("RVID")
  USING INDEX PCTFREE 10 INITRANS 2 MAXTRANS 255 COMPUTE STATISTICS 
  STORAGE(INITIAL 65536 NEXT 1048576 MINEXTENTS 1 MAXEXTENTS 2147483645
  PCTINCREASE 0 FREELISTS 1 FREELIST GROUPS 1
  BUFFER_POOL DEFAULT FLASH_CACHE DEFAULT CELL_FLASH_CACHE DEFAULT)
  TABLESPACE "USERS"  ENABLE;
--------------------------------------------------------
--  Constraints for Table TB_PAYMENT
--------------------------------------------------------

  ALTER TABLE "ITD2024"."TB_PAYMENT" MODIFY ("PAID" NOT NULL ENABLE);
  ALTER TABLE "ITD2024"."TB_PAYMENT" MODIFY ("CODE" NOT NULL ENABLE);
  ALTER TABLE "ITD2024"."TB_PAYMENT" MODIFY ("PAY_TYPE" NOT NULL ENABLE);
  ALTER TABLE "ITD2024"."TB_PAYMENT" MODIFY ("TOTAL_PRICE" NOT NULL ENABLE);
  ALTER TABLE "ITD2024"."TB_PAYMENT" MODIFY ("EMAIL" NOT NULL ENABLE);
  ALTER TABLE "ITD2024"."TB_PAYMENT" MODIFY ("INSERT_TIME" NOT NULL ENABLE);
  ALTER TABLE "ITD2024"."TB_PAYMENT" ADD CONSTRAINT "TB_PAYMENT_PK" PRIMARY KEY ("PAID")
  USING INDEX PCTFREE 10 INITRANS 2 MAXTRANS 255 COMPUTE STATISTICS 
  STORAGE(INITIAL 65536 NEXT 1048576 MINEXTENTS 1 MAXEXTENTS 2147483645
  PCTINCREASE 0 FREELISTS 1 FREELIST GROUPS 1
  BUFFER_POOL DEFAULT FLASH_CACHE DEFAULT CELL_FLASH_CACHE DEFAULT)
  TABLESPACE "USERS"  ENABLE;
--------------------------------------------------------
--  Constraints for Table TB_ORDER
--------------------------------------------------------

  ALTER TABLE "ITD2024"."TB_ORDER" MODIFY ("ORID" NOT NULL ENABLE);
  ALTER TABLE "ITD2024"."TB_ORDER" MODIFY ("PRID" NOT NULL ENABLE);
  ALTER TABLE "ITD2024"."TB_ORDER" MODIFY ("SIID" NOT NULL ENABLE);
  ALTER TABLE "ITD2024"."TB_ORDER" MODIFY ("QUANTITY" NOT NULL ENABLE);
  ALTER TABLE "ITD2024"."TB_ORDER" MODIFY ("PAID" NOT NULL ENABLE);
  ALTER TABLE "ITD2024"."TB_ORDER" MODIFY ("EMAIL" NOT NULL ENABLE);
  ALTER TABLE "ITD2024"."TB_ORDER" MODIFY ("INSERT_TIME" NOT NULL ENABLE);
  ALTER TABLE "ITD2024"."TB_ORDER" ADD CONSTRAINT "TB_ORDER_PK" PRIMARY KEY ("ORID")
  USING INDEX PCTFREE 10 INITRANS 2 MAXTRANS 255 COMPUTE STATISTICS 
  STORAGE(INITIAL 65536 NEXT 1048576 MINEXTENTS 1 MAXEXTENTS 2147483645
  PCTINCREASE 0 FREELISTS 1 FREELIST GROUPS 1
  BUFFER_POOL DEFAULT FLASH_CACHE DEFAULT CELL_FLASH_CACHE DEFAULT)
  TABLESPACE "USERS"  ENABLE;
--------------------------------------------------------
--  Constraints for Table TB_NOTICE
--------------------------------------------------------

  ALTER TABLE "ITD2024"."TB_NOTICE" MODIFY ("NOID" NOT NULL ENABLE);
  ALTER TABLE "ITD2024"."TB_NOTICE" MODIFY ("WRITER" NOT NULL ENABLE);
  ALTER TABLE "ITD2024"."TB_NOTICE" MODIFY ("INSERT_TIME" NOT NULL ENABLE);
  ALTER TABLE "ITD2024"."TB_NOTICE" ADD CONSTRAINT "TB_NOTICE_PK" PRIMARY KEY ("NOID")
  USING INDEX PCTFREE 10 INITRANS 2 MAXTRANS 255 COMPUTE STATISTICS 
  STORAGE(INITIAL 65536 NEXT 1048576 MINEXTENTS 1 MAXEXTENTS 2147483645
  PCTINCREASE 0 FREELISTS 1 FREELIST GROUPS 1
  BUFFER_POOL DEFAULT FLASH_CACHE DEFAULT CELL_FLASH_CACHE DEFAULT)
  TABLESPACE "USERS"  ENABLE;
--------------------------------------------------------
--  Constraints for Table TB_CART
--------------------------------------------------------

  ALTER TABLE "ITD2024"."TB_CART" MODIFY ("CAID" NOT NULL ENABLE);
  ALTER TABLE "ITD2024"."TB_CART" MODIFY ("PRID" NOT NULL ENABLE);
  ALTER TABLE "ITD2024"."TB_CART" MODIFY ("SIID" NOT NULL ENABLE);
  ALTER TABLE "ITD2024"."TB_CART" MODIFY ("QUANTITY" NOT NULL ENABLE);
  ALTER TABLE "ITD2024"."TB_CART" MODIFY ("EMAIL" NOT NULL ENABLE);
  ALTER TABLE "ITD2024"."TB_CART" MODIFY ("INSERT_TIME" NOT NULL ENABLE);
  ALTER TABLE "ITD2024"."TB_CART" ADD CONSTRAINT "TB_CART_PK" PRIMARY KEY ("CAID")
  USING INDEX PCTFREE 10 INITRANS 2 MAXTRANS 255 COMPUTE STATISTICS 
  STORAGE(INITIAL 65536 NEXT 1048576 MINEXTENTS 1 MAXEXTENTS 2147483645
  PCTINCREASE 0 FREELISTS 1 FREELIST GROUPS 1
  BUFFER_POOL DEFAULT FLASH_CACHE DEFAULT CELL_FLASH_CACHE DEFAULT)
  TABLESPACE "USERS"  ENABLE;
--------------------------------------------------------
--  Constraints for Table TB_DELIVERY
--------------------------------------------------------

  ALTER TABLE "ITD2024"."TB_DELIVERY" MODIFY ("DEID" NOT NULL ENABLE);
  ALTER TABLE "ITD2024"."TB_DELIVERY" MODIFY ("CODE" NOT NULL ENABLE);
  ALTER TABLE "ITD2024"."TB_DELIVERY" MODIFY ("COURIER" NOT NULL ENABLE);
  ALTER TABLE "ITD2024"."TB_DELIVERY" MODIFY ("EMAIL" NOT NULL ENABLE);
  ALTER TABLE "ITD2024"."TB_DELIVERY" MODIFY ("ORDER_ADDRESS" NOT NULL ENABLE);
  ALTER TABLE "ITD2024"."TB_DELIVERY" MODIFY ("ORDER_ZIP_CODE" NOT NULL ENABLE);
  ALTER TABLE "ITD2024"."TB_DELIVERY" MODIFY ("CONSIGNEE_NAME" NOT NULL ENABLE);
  ALTER TABLE "ITD2024"."TB_DELIVERY" MODIFY ("CONSIGNEE_PHONE_NUMBER" NOT NULL ENABLE);
  ALTER TABLE "ITD2024"."TB_DELIVERY" MODIFY ("CONSIGNEE_ADDRESS" NOT NULL ENABLE);
  ALTER TABLE "ITD2024"."TB_DELIVERY" MODIFY ("CONSIGNEE_ZIP_CODE" NOT NULL ENABLE);
  ALTER TABLE "ITD2024"."TB_DELIVERY" MODIFY ("INSERT_TIME" NOT NULL ENABLE);
  ALTER TABLE "ITD2024"."TB_DELIVERY" ADD CONSTRAINT "TABLE1_PK" PRIMARY KEY ("DEID")
  USING INDEX PCTFREE 10 INITRANS 2 MAXTRANS 255 COMPUTE STATISTICS 
  STORAGE(INITIAL 65536 NEXT 1048576 MINEXTENTS 1 MAXEXTENTS 2147483645
  PCTINCREASE 0 FREELISTS 1 FREELIST GROUPS 1
  BUFFER_POOL DEFAULT FLASH_CACHE DEFAULT CELL_FLASH_CACHE DEFAULT)
  TABLESPACE "USERS"  ENABLE;
  ALTER TABLE "ITD2024"."TB_DELIVERY" MODIFY ("PAID" NOT NULL ENABLE);
  ALTER TABLE "ITD2024"."TB_DELIVERY" MODIFY ("STATE" NOT NULL ENABLE);
--------------------------------------------------------
--  Constraints for Table TB_SIZE
--------------------------------------------------------

  ALTER TABLE "ITD2024"."TB_SIZE" MODIFY ("SIID" NOT NULL ENABLE);
  ALTER TABLE "ITD2024"."TB_SIZE" MODIFY ("INSERT_TIME" NOT NULL ENABLE);
  ALTER TABLE "ITD2024"."TB_SIZE" ADD CONSTRAINT "TB_SIZE_PK" PRIMARY KEY ("SIID")
  USING INDEX PCTFREE 10 INITRANS 2 MAXTRANS 255 COMPUTE STATISTICS 
  STORAGE(INITIAL 65536 NEXT 1048576 MINEXTENTS 1 MAXEXTENTS 2147483645
  PCTINCREASE 0 FREELISTS 1 FREELIST GROUPS 1
  BUFFER_POOL DEFAULT FLASH_CACHE DEFAULT CELL_FLASH_CACHE DEFAULT)
  TABLESPACE "USERS"  ENABLE;
--------------------------------------------------------
--  Constraints for Table TB_FILE_DB
--------------------------------------------------------

  ALTER TABLE "ITD2024"."TB_FILE_DB" MODIFY ("UUID" NOT NULL ENABLE);
  ALTER TABLE "ITD2024"."TB_FILE_DB" ADD CONSTRAINT "TB_FILE_DB_PK" PRIMARY KEY ("UUID")
  USING INDEX PCTFREE 10 INITRANS 2 MAXTRANS 255 COMPUTE STATISTICS 
  TABLESPACE "USERS"  ENABLE;
  ALTER TABLE "ITD2024"."TB_FILE_DB" MODIFY ("INSERT_TIME" NOT NULL ENABLE);
--------------------------------------------------------
--  Ref Constraints for Table TB_CART
--------------------------------------------------------

  ALTER TABLE "ITD2024"."TB_CART" ADD CONSTRAINT "CART_PRODUCT_FK" FOREIGN KEY ("PRID")
	  REFERENCES "ITD2024"."TB_PRODUCT" ("PRID") ON DELETE CASCADE ENABLE;
  ALTER TABLE "ITD2024"."TB_CART" ADD CONSTRAINT "CART_SIZE_FK" FOREIGN KEY ("SIID")
	  REFERENCES "ITD2024"."TB_SIZE" ("SIID") ON DELETE CASCADE ENABLE;
  ALTER TABLE "ITD2024"."TB_CART" ADD CONSTRAINT "CART_MEMBER_FK" FOREIGN KEY ("EMAIL")
	  REFERENCES "ITD2024"."TB_MEMBER" ("EMAIL") ON DELETE CASCADE ENABLE;
--------------------------------------------------------
--  Ref Constraints for Table TB_DELIVERY
--------------------------------------------------------

  ALTER TABLE "ITD2024"."TB_DELIVERY" ADD CONSTRAINT "DELIVERY_MEMBER_FK" FOREIGN KEY ("EMAIL")
	  REFERENCES "ITD2024"."TB_MEMBER" ("EMAIL") ON DELETE CASCADE ENABLE;
  ALTER TABLE "ITD2024"."TB_DELIVERY" ADD CONSTRAINT "DELIVERY_PAYMENT_FK" FOREIGN KEY ("PAID")
	  REFERENCES "ITD2024"."TB_PAYMENT" ("PAID") ON DELETE CASCADE ENABLE;
--------------------------------------------------------
--  Ref Constraints for Table TB_FILE_DB
--------------------------------------------------------

  ALTER TABLE "ITD2024"."TB_FILE_DB" ADD CONSTRAINT "FILE_DB_PRODUCT_FK" FOREIGN KEY ("PRID")
	  REFERENCES "ITD2024"."TB_PRODUCT" ("PRID") ENABLE;
--------------------------------------------------------
--  Ref Constraints for Table TB_INQUIRY
--------------------------------------------------------

  ALTER TABLE "ITD2024"."TB_INQUIRY" ADD CONSTRAINT "INQUIRY_MEMBER_FK" FOREIGN KEY ("WRITER")
	  REFERENCES "ITD2024"."TB_MEMBER" ("EMAIL") ON DELETE CASCADE ENABLE;
  ALTER TABLE "ITD2024"."TB_INQUIRY" ADD CONSTRAINT "INQUIRY_INQUIRY_FK" FOREIGN KEY ("REID")
	  REFERENCES "ITD2024"."TB_INQUIRY" ("IQID") ON DELETE CASCADE ENABLE;
--------------------------------------------------------
--  Ref Constraints for Table TB_INVENTORY
--------------------------------------------------------

  ALTER TABLE "ITD2024"."TB_INVENTORY" ADD CONSTRAINT "INVENTORY_SIZE_FK" FOREIGN KEY ("SIID")
	  REFERENCES "ITD2024"."TB_SIZE" ("SIID") ON DELETE CASCADE ENABLE;
  ALTER TABLE "ITD2024"."TB_INVENTORY" ADD CONSTRAINT "INVENTORY_PRODUCT_FK" FOREIGN KEY ("PRID")
	  REFERENCES "ITD2024"."TB_PRODUCT" ("PRID") ON DELETE CASCADE ENABLE;
--------------------------------------------------------
--  Ref Constraints for Table TB_NOTICE
--------------------------------------------------------

  ALTER TABLE "ITD2024"."TB_NOTICE" ADD CONSTRAINT "NOTICE_MEMBER_FK" FOREIGN KEY ("WRITER")
	  REFERENCES "ITD2024"."TB_MEMBER" ("EMAIL") ON DELETE CASCADE ENABLE;
--------------------------------------------------------
--  Ref Constraints for Table TB_ORDER
--------------------------------------------------------

  ALTER TABLE "ITD2024"."TB_ORDER" ADD CONSTRAINT "ORDER_PRODUCT_FK" FOREIGN KEY ("PRID")
	  REFERENCES "ITD2024"."TB_PRODUCT" ("PRID") ON DELETE CASCADE ENABLE;
  ALTER TABLE "ITD2024"."TB_ORDER" ADD CONSTRAINT "ORDER_SIZE_FK" FOREIGN KEY ("SIID")
	  REFERENCES "ITD2024"."TB_SIZE" ("SIID") ON DELETE CASCADE ENABLE;
  ALTER TABLE "ITD2024"."TB_ORDER" ADD CONSTRAINT "ORDER_MEMBER_FK" FOREIGN KEY ("EMAIL")
	  REFERENCES "ITD2024"."TB_MEMBER" ("EMAIL") ON DELETE CASCADE ENABLE;
  ALTER TABLE "ITD2024"."TB_ORDER" ADD CONSTRAINT "ORDER_PAYMENT_FK" FOREIGN KEY ("PAID")
	  REFERENCES "ITD2024"."TB_PAYMENT" ("PAID") ON DELETE CASCADE ENABLE;
--------------------------------------------------------
--  Ref Constraints for Table TB_PAYMENT
--------------------------------------------------------

  ALTER TABLE "ITD2024"."TB_PAYMENT" ADD CONSTRAINT "PAYMENT_MEMBER_FK" FOREIGN KEY ("EMAIL")
	  REFERENCES "ITD2024"."TB_MEMBER" ("EMAIL") ON DELETE CASCADE ENABLE;
--------------------------------------------------------
--  Ref Constraints for Table TB_REVIEW
--------------------------------------------------------

  ALTER TABLE "ITD2024"."TB_REVIEW" ADD CONSTRAINT "REVIEW_PRODUCT_FK" FOREIGN KEY ("PRID")
	  REFERENCES "ITD2024"."TB_PRODUCT" ("PRID") ON DELETE CASCADE ENABLE;
  ALTER TABLE "ITD2024"."TB_REVIEW" ADD CONSTRAINT "REVIEW_MEMBER_FK" FOREIGN KEY ("WRITER")
	  REFERENCES "ITD2024"."TB_MEMBER" ("EMAIL") ON DELETE CASCADE ENABLE;
