<?xml version="1.0" encoding="UTF-8"?>
<!DOCTYPE mapper PUBLIC "-//mybatis.org//DTD Mapper 3.0//EN" "http://mybatis.org/dtd/mybatis-3-mapper.dtd">

<mapper namespace="com.itn2024.projectb.mapper.advanced.CartMapper">

    <!-- 전체 조회 : -->
<!--    <select id="selectCartList"-->
<!--            parameterType="Criteria"-->
<!--            resultType="Cart">-->
<!--        SELECT * FROM TB_CART-->
<!--        WHERE BASKET_TITLE LIKE '%'|| #{searchKeyword} ||'%'-->
<!--        OFFSET #{pageIndex} * #{recordCountPerPage} ROWS-->
<!--            FETCH NEXT #{recordCountPerPage} ROWS ONLY-->
<!--    </select>-->

<select id="selectCartList"
            parameterType="Criteria"
            resultType="CartDto">
            SELECT

                P.PRICE AS price,
                P.GENDER AS gender,
                P.TITLE_IMAGE_URL AS titleImageUrl,
                P.NAME AS name,
                S.SIID AS siid,
                C.QUANTITY AS quantity,
                C.CAID AS caid
    FROM TB_CART C, TB_PRODUCT P, TB_SIZE S
    WHERE c.prid = p.prid AND c.siid = s.siid

</select>

<!--    SELECT-->
<!--    Q.IQID AS iqid,-->
<!--    Q.TITLE AS title,-->
<!--    Q.CONTENTS AS content,-->
<!--    Q.WRITER AS writer,-->
<!--    Q.INSERT_TIME AS insertTime,-->
<!--    A.IQID AS answerId,-->
<!--    A.CONTENTS AS answerContent,-->
<!--    A.WRITER AS answerWriter,-->
<!--    A.INSERT_TIME AS answerInsertTime-->
<!--    FROM TB_INQUIRY Q-->
<!--    LEFT JOIN TB_INQUIRY A ON Q.IQID = A.REID-->
<!--    WHERE Q.IQID = #{iqid}-->


    <!--총건수 public  int selectGalleryListTotCnt(Criteria searchVO); -->
    <select id="selectCartListTotCnt"
            parameterType="Criteria"
            resultType="int">
        SELECT COUNT(*) FROM TB_CART
        WHERE PRID LIKE '%' ||#{searchKeyword}|| '%'
    </select>


    <!--등록-->
    <insert id="insert"
            parameterType="Cart">
        INSERT INTO TB_CART(CAID,
                            PRID,
                            SIID,
                            COLOR,
                            QUANTITY,
                            EMAIL
        )
        VALUES ('CA' || LPAD(TO_CHAR(CART_SEQ.NEXTVAL),5,'0'),
                #{prid},
                #{siid},
                #{color},
                #{quantity},
                #{email}
               )
    </insert>


<!--&lt;!&ndash;        상세조회&ndash;&gt;-->
<!--    <select id="selectCart"-->
<!--            parameterType="String"-->
<!--            resultType="Cart">-->
<!--        SELECT * FROM TB_CART-->
<!--        WHERE UUID = #{uuid}-->
<!--    </select>-->


<!--    수정-->
    <update id="update"
            parameterType="Cart">
        UPDATE TB_CART
        SET PRID = #{prid},
            SIID = #{siid},
            COLOR = #{color},
            QUANTITY = #{quantity},
            EMAIL = #{email}


        WHERE CAID = #{caid}
    </update>



<!--        삭제    -->
    <delete id="delete"
            parameterType="String">
        DELETE FROM TB_CART
        WHERE CAID = #{caid}
    </delete>
</mapper>