<?xml version="1.0" encoding="UTF-8"?>
<!DOCTYPE mapper PUBLIC "-//mybatis.org//DTD Mapper 3.0//EN" "http://mybatis.org/dtd/mybatis-3-mapper.dtd">

<mapper namespace="com.simplecoding.simpledms.mapper.auth.MemberMapper">
    <select id="selectMemberList"
            parameterType="Criteria"
            resultType="Member">
        SELECT *
        FROM TB_MEMBER
        WHERE NAME LIKE '%' || #{searchKeyword} || '%'
           OR PHONE_NUMBER LIKE '%' || #{searchKeyword} || '%'
           OR NAME LIKE '%' || #{searchKeyword} || '%'
        OFFSET #{pageIndex} * #{recordCountPerPage} ROWS FETCH NEXT #{recordCountPerPage} ROWS ONLY
    </select>


    <select id="selectMemberListTotCnt"
            parameterType="Criteria"
            resultType="int">
        SELECT COUNT(*)
        FROM TB_MEMBER
        WHERE EMAIL LIKE '%' || #{searchKeyword} || '%'
    </select>
    <insert id="insert"
            parameterType="Member">
        INSERT INTO TB_MEMBER
        (EMAIL,
         PASSWORD,
         NAME,
         PHONE_NUMBER,
         CODE_NAME)
        VALUES (#{email},
                #{password},
                #{name},
                #{phoneNumber},
                #{codeName})
    </insert>

    <update id="update"
            parameterType="Member">
        UPDATE TB_MEMBER
        SET PASSWORD=#{password},
            NAME=#{name},
            PHONE_NUMBER=#{phoneNumber},
            CODE_NAME=#{codeName}
        WHERE EMAIL = #{email}
    </update>
    <!--    public long existsById(String email);-->
    <select id="existsById"
            parameterType="String"
            resultType="long">
        SELECT COUNT(*)
        FROM TB_MEMBER
        WHERE EMAIL = #{email}
    </select>

    <select id="selectMember"
            parameterType="String"
            resultType="Member">
        SELECT *
        FROM TB_MEMBER
        WHERE EMAIL = #{email}
    </select>

</mapper>